:0200000460009A
:100000004643464200000156000000000101020084
:1000100000000000000000000000000000000000E0
:1000200000000000000000000000000000000000D0
:1000300000000000000000000000000000000000C0
:1000400000000000010403000000000000000000A8
:100050000000200000000000000000000000000080
:100060000000000000000000000000000000000090
:100070000000000000000000000000000000000080
:10008000EB04180A063204260000000000000000FD
:10009000050404240000000000000000000000002F
:1000A0000000000000000000000000000000000050
:1000B0000604000000000000000000000000000036
:1000C0000000000000000000000000000000000030
:1000D00020041808000000000000000000000000DC
:1000E0000000000000000000000000000000000010
:1000F0000000000000000000000000000000000000
:1001000000000000000000000000000000000000EF
:100110000204180804200000000000000000000095
:1001200000000000000000000000000000000000CF
:10013000600400000000000000000000000000005B
:1001400000000000000000000000000000000000AF
:10015000000000000000000000000000000000009F
:10016000000000000000000000000000000000008F
:10017000000000000000000000000000000000007F
:10018000000000000000000000000000000000006F
:10019000000000000000000000000000000000005F
:1001A000000000000000000000000000000000004F
:1001B000000000000000000000000000000000003F
:1001C000000100000010000001000000000000001D
:1001D000000000000000000000000000000000001F
:1001E000000000000000000000000000000000000F
:1001F00000000000000000000000000000000000FF
:10020000D4D4D4D4D4D4D4D4D4D4D4D4D4D4D4D4AE
:10021000D4D4D4D4D4D4D4D4D4D4D4D4D4D4D4D49E
:10022000D4D4D4D4D4D4D4D4D4D4D4D4D4D4D4D48E
:10023000D4D4D4D4D4D4D4D4D4D4D4D4D4D4D4D47E
:10024000D4D4D4D4D4D4D4D4D4D4D4D4D4D4D4D46E
:10025000D4D4D4D4D4D4D4D4D4D4D4D4D4D4D4D45E
:10026000D4D4D4D4D4D4D4D4D4D4D4D4D4D4D4D44E
:10027000D4D4D4D4D4D4D4D4D4D4D4D4D4D4D4D43E
:10028000D4D4D4D4D4D4D4D4D4D4D4D4D4D4D4D42E
:10029000D4D4D4D4D4D4D4D4D4D4D4D4D4D4D4D41E
:1002A000D4D4D4D4D4D4D4D4D4D4D4D4D4D4D4D40E
:1002B000D4D4D4D4D4D4D4D4D4D4D4D4D4D4D4D4FE
:1002C000D4D4D4D4D4D4D4D4D4D4D4D4D4D4D4D4EE
:1002D000D4D4D4D4D4D4D4D4D4D4D4D4D4D4D4D4DE
:1002E000D4D4D4D4D4D4D4D4D4D4D4D4D4D4D4D4CE
:1002F000D4D4D4D4D4D4D4D4D4D4D4D4D4D4D4D4BE
:10030000D4D4D4D4D4D4D4D4D4D4D4D4D4D4D4D4AD
:10031000D4D4D4D4D4D4D4D4D4D4D4D4D4D4D4D49D
:10032000D4D4D4D4D4D4D4D4D4D4D4D4D4D4D4D48D
:10033000D4D4D4D4D4D4D4D4D4D4D4D4D4D4D4D47D
:10034000D4D4D4D4D4D4D4D4D4D4D4D4D4D4D4D46D
:10035000D4D4D4D4D4D4D4D4D4D4D4D4D4D4D4D45D
:10036000D4D4D4D4D4D4D4D4D4D4D4D4D4D4D4D44D
:10037000D4D4D4D4D4D4D4D4D4D4D4D4D4D4D4D43D
:10038000D4D4D4D4D4D4D4D4D4D4D4D4D4D4D4D42D
:10039000D4D4D4D4D4D4D4D4D4D4D4D4D4D4D4D41D
:1003A000D4D4D4D4D4D4D4D4D4D4D4D4D4D4D4D40D
:1003B000D4D4D4D4D4D4D4D4D4D4D4D4D4D4D4D4FD
:1003C000D4D4D4D4D4D4D4D4D4D4D4D4D4D4D4D4ED
:1003D000D4D4D4D4D4D4D4D4D4D4D4D4D4D4D4D4DD
:1003E000D4D4D4D4D4D4D4D4D4D4D4D4D4D4D4D4CD
:1003F000D4D4D4D4D4D4D4D4D4D4D4D4D4D4D4D4BD
:10040000D4D4D4D4D4D4D4D4D4D4D4D4D4D4D4D4AC
:10041000D4D4D4D4D4D4D4D4D4D4D4D4D4D4D4D49C
:10042000D4D4D4D4D4D4D4D4D4D4D4D4D4D4D4D48C
:10043000D4D4D4D4D4D4D4D4D4D4D4D4D4D4D4D47C
:10044000D4D4D4D4D4D4D4D4D4D4D4D4D4D4D4D46C
:10045000D4D4D4D4D4D4D4D4D4D4D4D4D4D4D4D45C
:10046000D4D4D4D4D4D4D4D4D4D4D4D4D4D4D4D44C
:10047000D4D4D4D4D4D4D4D4D4D4D4D4D4D4D4D43C
:10048000D4D4D4D4D4D4D4D4D4D4D4D4D4D4D4D42C
:10049000D4D4D4D4D4D4D4D4D4D4D4D4D4D4D4D41C
:1004A000D4D4D4D4D4D4D4D4D4D4D4D4D4D4D4D40C
:1004B000D4D4D4D4D4D4D4D4D4D4D4D4D4D4D4D4FC
:1004C000D4D4D4D4D4D4D4D4D4D4D4D4D4D4D4D4EC
:1004D000D4D4D4D4D4D4D4D4D4D4D4D4D4D4D4D4DC
:1004E000D4D4D4D4D4D4D4D4D4D4D4D4D4D4D4D4CC
:1004F000D4D4D4D4D4D4D4D4D4D4D4D4D4D4D4D4BC
:10050000D4D4D4D4D4D4D4D4D4D4D4D4D4D4D4D4AB
:10051000D4D4D4D4D4D4D4D4D4D4D4D4D4D4D4D49B
:10052000D4D4D4D4D4D4D4D4D4D4D4D4D4D4D4D48B
:10053000D4D4D4D4D4D4D4D4D4D4D4D4D4D4D4D47B
:10054000D4D4D4D4D4D4D4D4D4D4D4D4D4D4D4D46B
:10055000D4D4D4D4D4D4D4D4D4D4D4D4D4D4D4D45B
:10056000D4D4D4D4D4D4D4D4D4D4D4D4D4D4D4D44B
:10057000D4D4D4D4D4D4D4D4D4D4D4D4D4D4D4D43B
:10058000D4D4D4D4D4D4D4D4D4D4D4D4D4D4D4D42B
:10059000D4D4D4D4D4D4D4D4D4D4D4D4D4D4D4D41B
:1005A000D4D4D4D4D4D4D4D4D4D4D4D4D4D4D4D40B
:1005B000D4D4D4D4D4D4D4D4D4D4D4D4D4D4D4D4FB
:1005C000D4D4D4D4D4D4D4D4D4D4D4D4D4D4D4D4EB
:1005D000D4D4D4D4D4D4D4D4D4D4D4D4D4D4D4D4DB
:1005E000D4D4D4D4D4D4D4D4D4D4D4D4D4D4D4D4CB
:1005F000D4D4D4D4D4D4D4D4D4D4D4D4D4D4D4D4BB
:10060000D4D4D4D4D4D4D4D4D4D4D4D4D4D4D4D4AA
:10061000D4D4D4D4D4D4D4D4D4D4D4D4D4D4D4D49A
:10062000D4D4D4D4D4D4D4D4D4D4D4D4D4D4D4D48A
:10063000D4D4D4D4D4D4D4D4D4D4D4D4D4D4D4D47A
:10064000D4D4D4D4D4D4D4D4D4D4D4D4D4D4D4D46A
:10065000D4D4D4D4D4D4D4D4D4D4D4D4D4D4D4D45A
:10066000D4D4D4D4D4D4D4D4D4D4D4D4D4D4D4D44A
:10067000D4D4D4D4D4D4D4D4D4D4D4D4D4D4D4D43A
:10068000D4D4D4D4D4D4D4D4D4D4D4D4D4D4D4D42A
:10069000D4D4D4D4D4D4D4D4D4D4D4D4D4D4D4D41A
:1006A000D4D4D4D4D4D4D4D4D4D4D4D4D4D4D4D40A
:1006B000D4D4D4D4D4D4D4D4D4D4D4D4D4D4D4D4FA
:1006C000D4D4D4D4D4D4D4D4D4D4D4D4D4D4D4D4EA
:1006D000D4D4D4D4D4D4D4D4D4D4D4D4D4D4D4D4DA
:1006E000D4D4D4D4D4D4D4D4D4D4D4D4D4D4D4D4CA
:1006F000D4D4D4D4D4D4D4D4D4D4D4D4D4D4D4D4BA
:10070000D4D4D4D4D4D4D4D4D4D4D4D4D4D4D4D4A9
:10071000D4D4D4D4D4D4D4D4D4D4D4D4D4D4D4D499
:10072000D4D4D4D4D4D4D4D4D4D4D4D4D4D4D4D489
:10073000D4D4D4D4D4D4D4D4D4D4D4D4D4D4D4D479
:10074000D4D4D4D4D4D4D4D4D4D4D4D4D4D4D4D469
:10075000D4D4D4D4D4D4D4D4D4D4D4D4D4D4D4D459
:10076000D4D4D4D4D4D4D4D4D4D4D4D4D4D4D4D449
:10077000D4D4D4D4D4D4D4D4D4D4D4D4D4D4D4D439
:10078000D4D4D4D4D4D4D4D4D4D4D4D4D4D4D4D429
:10079000D4D4D4D4D4D4D4D4D4D4D4D4D4D4D4D419
:1007A000D4D4D4D4D4D4D4D4D4D4D4D4D4D4D4D409
:1007B000D4D4D4D4D4D4D4D4D4D4D4D4D4D4D4D4F9
:1007C000D4D4D4D4D4D4D4D4D4D4D4D4D4D4D4D4E9
:1007D000D4D4D4D4D4D4D4D4D4D4D4D4D4D4D4D4D9
:1007E000D4D4D4D4D4D4D4D4D4D4D4D4D4D4D4D4C9
:1007F000D4D4D4D4D4D4D4D4D4D4D4D4D4D4D4D4B9
:10080000D4D4D4D4D4D4D4D4D4D4D4D4D4D4D4D4A8
:10081000D4D4D4D4D4D4D4D4D4D4D4D4D4D4D4D498
:10082000D4D4D4D4D4D4D4D4D4D4D4D4D4D4D4D488
:10083000D4D4D4D4D4D4D4D4D4D4D4D4D4D4D4D478
:10084000D4D4D4D4D4D4D4D4D4D4D4D4D4D4D4D468
:10085000D4D4D4D4D4D4D4D4D4D4D4D4D4D4D4D458
:10086000D4D4D4D4D4D4D4D4D4D4D4D4D4D4D4D448
:10087000D4D4D4D4D4D4D4D4D4D4D4D4D4D4D4D438
:10088000D4D4D4D4D4D4D4D4D4D4D4D4D4D4D4D428
:10089000D4D4D4D4D4D4D4D4D4D4D4D4D4D4D4D418
:1008A000D4D4D4D4D4D4D4D4D4D4D4D4D4D4D4D408
:1008B000D4D4D4D4D4D4D4D4D4D4D4D4D4D4D4D4F8
:1008C000D4D4D4D4D4D4D4D4D4D4D4D4D4D4D4D4E8
:1008D000D4D4D4D4D4D4D4D4D4D4D4D4D4D4D4D4D8
:1008E000D4D4D4D4D4D4D4D4D4D4D4D4D4D4D4D4C8
:1008F000D4D4D4D4D4D4D4D4D4D4D4D4D4D4D4D4B8
:10090000D4D4D4D4D4D4D4D4D4D4D4D4D4D4D4D4A7
:10091000D4D4D4D4D4D4D4D4D4D4D4D4D4D4D4D497
:10092000D4D4D4D4D4D4D4D4D4D4D4D4D4D4D4D487
:10093000D4D4D4D4D4D4D4D4D4D4D4D4D4D4D4D477
:10094000D4D4D4D4D4D4D4D4D4D4D4D4D4D4D4D467
:10095000D4D4D4D4D4D4D4D4D4D4D4D4D4D4D4D457
:10096000D4D4D4D4D4D4D4D4D4D4D4D4D4D4D4D447
:10097000D4D4D4D4D4D4D4D4D4D4D4D4D4D4D4D437
:10098000D4D4D4D4D4D4D4D4D4D4D4D4D4D4D4D427
:10099000D4D4D4D4D4D4D4D4D4D4D4D4D4D4D4D417
:1009A000D4D4D4D4D4D4D4D4D4D4D4D4D4D4D4D407
:1009B000D4D4D4D4D4D4D4D4D4D4D4D4D4D4D4D4F7
:1009C000D4D4D4D4D4D4D4D4D4D4D4D4D4D4D4D4E7
:1009D000D4D4D4D4D4D4D4D4D4D4D4D4D4D4D4D4D7
:1009E000D4D4D4D4D4D4D4D4D4D4D4D4D4D4D4D4C7
:1009F000D4D4D4D4D4D4D4D4D4D4D4D4D4D4D4D4B7
:100A0000D4D4D4D4D4D4D4D4D4D4D4D4D4D4D4D4A6
:100A1000D4D4D4D4D4D4D4D4D4D4D4D4D4D4D4D496
:100A2000D4D4D4D4D4D4D4D4D4D4D4D4D4D4D4D486
:100A3000D4D4D4D4D4D4D4D4D4D4D4D4D4D4D4D476
:100A4000D4D4D4D4D4D4D4D4D4D4D4D4D4D4D4D466
:100A5000D4D4D4D4D4D4D4D4D4D4D4D4D4D4D4D456
:100A6000D4D4D4D4D4D4D4D4D4D4D4D4D4D4D4D446
:100A7000D4D4D4D4D4D4D4D4D4D4D4D4D4D4D4D436
:100A8000D4D4D4D4D4D4D4D4D4D4D4D4D4D4D4D426
:100A9000D4D4D4D4D4D4D4D4D4D4D4D4D4D4D4D416
:100AA000D4D4D4D4D4D4D4D4D4D4D4D4D4D4D4D406
:100AB000D4D4D4D4D4D4D4D4D4D4D4D4D4D4D4D4F6
:100AC000D4D4D4D4D4D4D4D4D4D4D4D4D4D4D4D4E6
:100AD000D4D4D4D4D4D4D4D4D4D4D4D4D4D4D4D4D6
:100AE000D4D4D4D4D4D4D4D4D4D4D4D4D4D4D4D4C6
:100AF000D4D4D4D4D4D4D4D4D4D4D4D4D4D4D4D4B6
:100B0000D4D4D4D4D4D4D4D4D4D4D4D4D4D4D4D4A5
:100B1000D4D4D4D4D4D4D4D4D4D4D4D4D4D4D4D495
:100B2000D4D4D4D4D4D4D4D4D4D4D4D4D4D4D4D485
:100B3000D4D4D4D4D4D4D4D4D4D4D4D4D4D4D4D475
:100B4000D4D4D4D4D4D4D4D4D4D4D4D4D4D4D4D465
:100B5000D4D4D4D4D4D4D4D4D4D4D4D4D4D4D4D455
:100B6000D4D4D4D4D4D4D4D4D4D4D4D4D4D4D4D445
:100B7000D4D4D4D4D4D4D4D4D4D4D4D4D4D4D4D435
:100B8000D4D4D4D4D4D4D4D4D4D4D4D4D4D4D4D425
:100B9000D4D4D4D4D4D4D4D4D4D4D4D4D4D4D4D415
:100BA000D4D4D4D4D4D4D4D4D4D4D4D4D4D4D4D405
:100BB000D4D4D4D4D4D4D4D4D4D4D4D4D4D4D4D4F5
:100BC000D4D4D4D4D4D4D4D4D4D4D4D4D4D4D4D4E5
:100BD000D4D4D4D4D4D4D4D4D4D4D4D4D4D4D4D4D5
:100BE000D4D4D4D4D4D4D4D4D4D4D4D4D4D4D4D4C5
:100BF000D4D4D4D4D4D4D4D4D4D4D4D4D4D4D4D4B5
:100C0000D4D4D4D4D4D4D4D4D4D4D4D4D4D4D4D4A4
:100C1000D4D4D4D4D4D4D4D4D4D4D4D4D4D4D4D494
:100C2000D4D4D4D4D4D4D4D4D4D4D4D4D4D4D4D484
:100C3000D4D4D4D4D4D4D4D4D4D4D4D4D4D4D4D474
:100C4000D4D4D4D4D4D4D4D4D4D4D4D4D4D4D4D464
:100C5000D4D4D4D4D4D4D4D4D4D4D4D4D4D4D4D454
:100C6000D4D4D4D4D4D4D4D4D4D4D4D4D4D4D4D444
:100C7000D4D4D4D4D4D4D4D4D4D4D4D4D4D4D4D434
:100C8000D4D4D4D4D4D4D4D4D4D4D4D4D4D4D4D424
:100C9000D4D4D4D4D4D4D4D4D4D4D4D4D4D4D4D414
:100CA000D4D4D4D4D4D4D4D4D4D4D4D4D4D4D4D404
:100CB000D4D4D4D4D4D4D4D4D4D4D4D4D4D4D4D4F4
:100CC000D4D4D4D4D4D4D4D4D4D4D4D4D4D4D4D4E4
:100CD000D4D4D4D4D4D4D4D4D4D4D4D4D4D4D4D4D4
:100CE000D4D4D4D4D4D4D4D4D4D4D4D4D4D4D4D4C4
:100CF000D4D4D4D4D4D4D4D4D4D4D4D4D4D4D4D4B4
:100D0000D4D4D4D4D4D4D4D4D4D4D4D4D4D4D4D4A3
:100D1000D4D4D4D4D4D4D4D4D4D4D4D4D4D4D4D493
:100D2000D4D4D4D4D4D4D4D4D4D4D4D4D4D4D4D483
:100D3000D4D4D4D4D4D4D4D4D4D4D4D4D4D4D4D473
:100D4000D4D4D4D4D4D4D4D4D4D4D4D4D4D4D4D463
:100D5000D4D4D4D4D4D4D4D4D4D4D4D4D4D4D4D453
:100D6000D4D4D4D4D4D4D4D4D4D4D4D4D4D4D4D443
:100D7000D4D4D4D4D4D4D4D4D4D4D4D4D4D4D4D433
:100D8000D4D4D4D4D4D4D4D4D4D4D4D4D4D4D4D423
:100D9000D4D4D4D4D4D4D4D4D4D4D4D4D4D4D4D413
:100DA000D4D4D4D4D4D4D4D4D4D4D4D4D4D4D4D403
:100DB000D4D4D4D4D4D4D4D4D4D4D4D4D4D4D4D4F3
:100DC000D4D4D4D4D4D4D4D4D4D4D4D4D4D4D4D4E3
:100DD000D4D4D4D4D4D4D4D4D4D4D4D4D4D4D4D4D3
:100DE000D4D4D4D4D4D4D4D4D4D4D4D4D4D4D4D4C3
:100DF000D4D4D4D4D4D4D4D4D4D4D4D4D4D4D4D4B3
:100E0000D4D4D4D4D4D4D4D4D4D4D4D4D4D4D4D4A2
:100E1000D4D4D4D4D4D4D4D4D4D4D4D4D4D4D4D492
:100E2000D4D4D4D4D4D4D4D4D4D4D4D4D4D4D4D482
:100E3000D4D4D4D4D4D4D4D4D4D4D4D4D4D4D4D472
:100E4000D4D4D4D4D4D4D4D4D4D4D4D4D4D4D4D462
:100E5000D4D4D4D4D4D4D4D4D4D4D4D4D4D4D4D452
:100E6000D4D4D4D4D4D4D4D4D4D4D4D4D4D4D4D442
:100E7000D4D4D4D4D4D4D4D4D4D4D4D4D4D4D4D432
:100E8000D4D4D4D4D4D4D4D4D4D4D4D4D4D4D4D422
:100E9000D4D4D4D4D4D4D4D4D4D4D4D4D4D4D4D412
:100EA000D4D4D4D4D4D4D4D4D4D4D4D4D4D4D4D402
:100EB000D4D4D4D4D4D4D4D4D4D4D4D4D4D4D4D4F2
:100EC000D4D4D4D4D4D4D4D4D4D4D4D4D4D4D4D4E2
:100ED000D4D4D4D4D4D4D4D4D4D4D4D4D4D4D4D4D2
:100EE000D4D4D4D4D4D4D4D4D4D4D4D4D4D4D4D4C2
:100EF000D4D4D4D4D4D4D4D4D4D4D4D4D4D4D4D4B2
:100F0000D4D4D4D4D4D4D4D4D4D4D4D4D4D4D4D4A1
:100F1000D4D4D4D4D4D4D4D4D4D4D4D4D4D4D4D491
:100F2000D4D4D4D4D4D4D4D4D4D4D4D4D4D4D4D481
:100F3000D4D4D4D4D4D4D4D4D4D4D4D4D4D4D4D471
:100F4000D4D4D4D4D4D4D4D4D4D4D4D4D4D4D4D461
:100F5000D4D4D4D4D4D4D4D4D4D4D4D4D4D4D4D451
:100F6000D4D4D4D4D4D4D4D4D4D4D4D4D4D4D4D441
:100F7000D4D4D4D4D4D4D4D4D4D4D4D4D4D4D4D431
:100F8000D4D4D4D4D4D4D4D4D4D4D4D4D4D4D4D421
:100F9000D4D4D4D4D4D4D4D4D4D4D4D4D4D4D4D411
:100FA000D4D4D4D4D4D4D4D4D4D4D4D4D4D4D4D401
:100FB000D4D4D4D4D4D4D4D4D4D4D4D4D4D4D4D4F1
:100FC000D4D4D4D4D4D4D4D4D4D4D4D4D4D4D4D4E1
:100FD000D4D4D4D4D4D4D4D4D4D4D4D4D4D4D4D4D1
:100FE000D4D4D4D4D4D4D4D4D4D4D4D4D4D4D4D4C1
:100FF000D4D4D4D4D4D4D4D4D4D4D4D4D4D4D4D4B1
:10100000D10020400020006000000000000000002F
:1010100020100060001000600000000000000000D0
:101020000000006068AE000000000000EFBEADDE12
:10103000124880F3088812481249016000F036F81F
:10104000114812490022814201D004C0FBE7104838
:101050001049114A814202D008CA08C0FAE70F4875
:101060004FF47001026842EA01020260BFF34F8F41
:10107000BFF36F8F00F014F800DE00000040002086
:1010800008ED00E00040002000500020988500207E
:10109000B84200204C44002068AE006088ED00E0BB
:1010A00041F25D0CC0F2000C6047D4D41C4840F201
:1010B000924188420CBF1B4A1B4A1C4B5360136869
:1010C00023F0800313601A481A4901BF1A480A0C1A
:1010D0008264C1F30F014164016C41F004010164B9
:1010E0001648174A824205D01649814202D008CAE2
:1010F00008C0FAE71448154A824205D014498142D3
:1011000002D008CA08C0FAE71248134A824205D042
:101110001249814202D008CA08C0FAE770470000AD
:10112000240400000080034000C00B4020C528D9E3
:1011300000C00A40AAAAFAFF00400E4000000000CA
:10114000B8220060A8740000004000200020006069
:10115000B84200200000202060970060081720207F
:10116000D4D4D4D4D4D4D4D4D4D4D4D4D4D4D4D43F
:10117000D4D4D4D4D4D4D4D4D4D4D4D4D4D4D4D42F
:10118000D4D4D4D4D4D4D4D4D4D4D4D4D4D4D4D41F
:10119000D4D4D4D4D4D4D4D4D4D4D4D4D4D4D4D40F
:1011A000D4D4D4D4D4D4D4D4D4D4D4D4D4D4D4D4FF
:1011B000D4D4D4D4D4D4D4D4D4D4D4D4D4D4D4D4EF
:1011C000D4D4D4D4D4D4D4D4D4D4D4D4D4D4D4D4DF
:1011D000D4D4D4D4D4D4D4D4D4D4D4D4D4D4D4D4CF
:1011E000D4D4D4D4D4D4D4D4D4D4D4D4D4D4D4D4BF
:1011F000D4D4D4D4D4D4D4D4D4D4D4D4D4D4D4D4AF
:10120000D4D4D4D4D4D4D4D4D4D4D4D4D4D4D4D49E
:10121000D4D4D4D4D4D4D4D4D4D4D4D4D4D4D4D48E
:10122000D4D4D4D4D4D4D4D4D4D4D4D4D4D4D4D47E
:10123000D4D4D4D4D4D4D4D4D4D4D4D4D4D4D4D46E
:10124000D4D4D4D4D4D4D4D4D4D4D4D4D4D4D4D45E
:10125000D4D4D4D4D4D4D4D4D4D4D4D4D4D4D4D44E
:10126000D4D4D4D4D4D4D4D4D4D4D4D4D4D4D4D43E
:10127000D4D4D4D4D4D4D4D4D4D4D4D4D4D4D4D42E
:10128000D4D4D4D4D4D4D4D4D4D4D4D4D4D4D4D41E
:10129000D4D4D4D4D4D4D4D4D4D4D4D4D4D4D4D40E
:1012A000D4D4D4D4D4D4D4D4D4D4D4D4D4D4D4D4FE
:1012B000D4D4D4D4D4D4D4D4D4D4D4D4D4D4D4D4EE
:1012C000D4D4D4D4D4D4D4D4D4D4D4D4D4D4D4D4DE
:1012D000D4D4D4D4D4D4D4D4D4D4D4D4D4D4D4D4CE
:1012E000D4D4D4D4D4D4D4D4D4D4D4D4D4D4D4D4BE
:1012F000D4D4D4D4D4D4D4D4D4D4D4D4D4D4D4D4AE
:10130000D4D4D4D4D4D4D4D4D4D4D4D4D4D4D4D49D
:10131000D4D4D4D4D4D4D4D4D4D4D4D4D4D4D4D48D
:10132000D4D4D4D4D4D4D4D4D4D4D4D4D4D4D4D47D
:10133000D4D4D4D4D4D4D4D4D4D4D4D4D4D4D4D46D
:10134000D4D4D4D4D4D4D4D4D4D4D4D4D4D4D4D45D
:10135000D4D4D4D4D4D4D4D4D4D4D4D4D4D4D4D44D
:10136000D4D4D4D4D4D4D4D4D4D4D4D4D4D4D4D43D
:10137000D4D4D4D4D4D4D4D4D4D4D4D4D4D4D4D42D
:10138000D4D4D4D4D4D4D4D4D4D4D4D4D4D4D4D41D
:10139000D4D4D4D4D4D4D4D4D4D4D4D4D4D4D4D40D
:1013A000D4D4D4D4D4D4D4D4D4D4D4D4D4D4D4D4FD
:1013B000D4D4D4D4D4D4D4D4D4D4D4D4D4D4D4D4ED
:1013C000D4D4D4D4D4D4D4D4D4D4D4D4D4D4D4D4DD
:1013D000D4D4D4D4D4D4D4D4D4D4D4D4D4D4D4D4CD
:1013E000D4D4D4D4D4D4D4D4D4D4D4D4D4D4D4D4BD
:1013F000D4D4D4D4D4D4D4D4D4D4D4D4D4D4D4D4AD
:10140000D4D4D4D4D4D4D4D4D4D4D4D4D4D4D4D49C
:10141000D4D4D4D4D4D4D4D4D4D4D4D4D4D4D4D48C
:10142000D4D4D4D4D4D4D4D4D4D4D4D4D4D4D4D47C
:10143000D4D4D4D4D4D4D4D4D4D4D4D4D4D4D4D46C
:10144000D4D4D4D4D4D4D4D4D4D4D4D4D4D4D4D45C
:10145000D4D4D4D4D4D4D4D4D4D4D4D4D4D4D4D44C
:10146000D4D4D4D4D4D4D4D4D4D4D4D4D4D4D4D43C
:10147000D4D4D4D4D4D4D4D4D4D4D4D4D4D4D4D42C
:10148000D4D4D4D4D4D4D4D4D4D4D4D4D4D4D4D41C
:10149000D4D4D4D4D4D4D4D4D4D4D4D4D4D4D4D40C
:1014A000D4D4D4D4D4D4D4D4D4D4D4D4D4D4D4D4FC
:1014B000D4D4D4D4D4D4D4D4D4D4D4D4D4D4D4D4EC
:1014C000D4D4D4D4D4D4D4D4D4D4D4D4D4D4D4D4DC
:1014D000D4D4D4D4D4D4D4D4D4D4D4D4D4D4D4D4CC
:1014E000D4D4D4D4D4D4D4D4D4D4D4D4D4D4D4D4BC
:1014F000D4D4D4D4D4D4D4D4D4D4D4D4D4D4D4D4AC
:10150000D4D4D4D4D4D4D4D4D4D4D4D4D4D4D4D49B
:10151000D4D4D4D4D4D4D4D4D4D4D4D4D4D4D4D48B
:10152000D4D4D4D4D4D4D4D4D4D4D4D4D4D4D4D47B
:10153000D4D4D4D4D4D4D4D4D4D4D4D4D4D4D4D46B
:10154000D4D4D4D4D4D4D4D4D4D4D4D4D4D4D4D45B
:10155000D4D4D4D4D4D4D4D4D4D4D4D4D4D4D4D44B
:10156000D4D4D4D4D4D4D4D4D4D4D4D4D4D4D4D43B
:10157000D4D4D4D4D4D4D4D4D4D4D4D4D4D4D4D42B
:10158000D4D4D4D4D4D4D4D4D4D4D4D4D4D4D4D41B
:10159000D4D4D4D4D4D4D4D4D4D4D4D4D4D4D4D40B
:1015A000D4D4D4D4D4D4D4D4D4D4D4D4D4D4D4D4FB
:1015B000D4D4D4D4D4D4D4D4D4D4D4D4D4D4D4D4EB
:1015C000D4D4D4D4D4D4D4D4D4D4D4D4D4D4D4D4DB
:1015D000D4D4D4D4D4D4D4D4D4D4D4D4D4D4D4D4CB
:1015E000D4D4D4D4D4D4D4D4D4D4D4D4D4D4D4D4BB
:1015F000D4D4D4D4D4D4D4D4D4D4D4D4D4D4D4D4AB
:10160000D4D4D4D4D4D4D4D4D4D4D4D4D4D4D4D49A
:10161000D4D4D4D4D4D4D4D4D4D4D4D4D4D4D4D48A
:10162000D4D4D4D4D4D4D4D4D4D4D4D4D4D4D4D47A
:10163000D4D4D4D4D4D4D4D4D4D4D4D4D4D4D4D46A
:10164000D4D4D4D4D4D4D4D4D4D4D4D4D4D4D4D45A
:10165000D4D4D4D4D4D4D4D4D4D4D4D4D4D4D4D44A
:10166000D4D4D4D4D4D4D4D4D4D4D4D4D4D4D4D43A
:10167000D4D4D4D4D4D4D4D4D4D4D4D4D4D4D4D42A
:10168000D4D4D4D4D4D4D4D4D4D4D4D4D4D4D4D41A
:10169000D4D4D4D4D4D4D4D4D4D4D4D4D4D4D4D40A
:1016A000D4D4D4D4D4D4D4D4D4D4D4D4D4D4D4D4FA
:1016B000D4D4D4D4D4D4D4D4D4D4D4D4D4D4D4D4EA
:1016C000D4D4D4D4D4D4D4D4D4D4D4D4D4D4D4D4DA
:1016D000D4D4D4D4D4D4D4D4D4D4D4D4D4D4D4D4CA
:1016E000D4D4D4D4D4D4D4D4D4D4D4D4D4D4D4D4BA
:1016F000D4D4D4D4D4D4D4D4D4D4D4D4D4D4D4D4AA
:10170000D4D4D4D4D4D4D4D4D4D4D4D4D4D4D4D499
:10171000D4D4D4D4D4D4D4D4D4D4D4D4D4D4D4D489
:10172000D4D4D4D4D4D4D4D4D4D4D4D4D4D4D4D479
:10173000D4D4D4D4D4D4D4D4D4D4D4D4D4D4D4D469
:10174000D4D4D4D4D4D4D4D4D4D4D4D4D4D4D4D459
:10175000D4D4D4D4D4D4D4D4D4D4D4D4D4D4D4D449
:10176000D4D4D4D4D4D4D4D4D4D4D4D4D4D4D4D439
:10177000D4D4D4D4D4D4D4D4D4D4D4D4D4D4D4D429
:10178000D4D4D4D4D4D4D4D4D4D4D4D4D4D4D4D419
:10179000D4D4D4D4D4D4D4D4D4D4D4D4D4D4D4D409
:1017A000D4D4D4D4D4D4D4D4D4D4D4D4D4D4D4D4F9
:1017B000D4D4D4D4D4D4D4D4D4D4D4D4D4D4D4D4E9
:1017C000D4D4D4D4D4D4D4D4D4D4D4D4D4D4D4D4D9
:1017D000D4D4D4D4D4D4D4D4D4D4D4D4D4D4D4D4C9
:1017E000D4D4D4D4D4D4D4D4D4D4D4D4D4D4D4D4B9
:1017F000D4D4D4D4D4D4D4D4D4D4D4D4D4D4D4D4A9
:10180000D4D4D4D4D4D4D4D4D4D4D4D4D4D4D4D498
:10181000D4D4D4D4D4D4D4D4D4D4D4D4D4D4D4D488
:10182000D4D4D4D4D4D4D4D4D4D4D4D4D4D4D4D478
:10183000D4D4D4D4D4D4D4D4D4D4D4D4D4D4D4D468
:10184000D4D4D4D4D4D4D4D4D4D4D4D4D4D4D4D458
:10185000D4D4D4D4D4D4D4D4D4D4D4D4D4D4D4D448
:10186000D4D4D4D4D4D4D4D4D4D4D4D4D4D4D4D438
:10187000D4D4D4D4D4D4D4D4D4D4D4D4D4D4D4D428
:10188000D4D4D4D4D4D4D4D4D4D4D4D4D4D4D4D418
:10189000D4D4D4D4D4D4D4D4D4D4D4D4D4D4D4D408
:1018A000D4D4D4D4D4D4D4D4D4D4D4D4D4D4D4D4F8
:1018B000D4D4D4D4D4D4D4D4D4D4D4D4D4D4D4D4E8
:1018C000D4D4D4D4D4D4D4D4D4D4D4D4D4D4D4D4D8
:1018D000D4D4D4D4D4D4D4D4D4D4D4D4D4D4D4D4C8
:1018E000D4D4D4D4D4D4D4D4D4D4D4D4D4D4D4D4B8
:1018F000D4D4D4D4D4D4D4D4D4D4D4D4D4D4D4D4A8
:10190000D4D4D4D4D4D4D4D4D4D4D4D4D4D4D4D497
:10191000D4D4D4D4D4D4D4D4D4D4D4D4D4D4D4D487
:10192000D4D4D4D4D4D4D4D4D4D4D4D4D4D4D4D477
:10193000D4D4D4D4D4D4D4D4D4D4D4D4D4D4D4D467
:10194000D4D4D4D4D4D4D4D4D4D4D4D4D4D4D4D457
:10195000D4D4D4D4D4D4D4D4D4D4D4D4D4D4D4D447
:10196000D4D4D4D4D4D4D4D4D4D4D4D4D4D4D4D437
:10197000D4D4D4D4D4D4D4D4D4D4D4D4D4D4D4D427
:10198000D4D4D4D4D4D4D4D4D4D4D4D4D4D4D4D417
:10199000D4D4D4D4D4D4D4D4D4D4D4D4D4D4D4D407
:1019A000D4D4D4D4D4D4D4D4D4D4D4D4D4D4D4D4F7
:1019B000D4D4D4D4D4D4D4D4D4D4D4D4D4D4D4D4E7
:1019C000D4D4D4D4D4D4D4D4D4D4D4D4D4D4D4D4D7
:1019D000D4D4D4D4D4D4D4D4D4D4D4D4D4D4D4D4C7
:1019E000D4D4D4D4D4D4D4D4D4D4D4D4D4D4D4D4B7
:1019F000D4D4D4D4D4D4D4D4D4D4D4D4D4D4D4D4A7
:101A0000D4D4D4D4D4D4D4D4D4D4D4D4D4D4D4D496
:101A1000D4D4D4D4D4D4D4D4D4D4D4D4D4D4D4D486
:101A2000D4D4D4D4D4D4D4D4D4D4D4D4D4D4D4D476
:101A3000D4D4D4D4D4D4D4D4D4D4D4D4D4D4D4D466
:101A4000D4D4D4D4D4D4D4D4D4D4D4D4D4D4D4D456
:101A5000D4D4D4D4D4D4D4D4D4D4D4D4D4D4D4D446
:101A6000D4D4D4D4D4D4D4D4D4D4D4D4D4D4D4D436
:101A7000D4D4D4D4D4D4D4D4D4D4D4D4D4D4D4D426
:101A8000D4D4D4D4D4D4D4D4D4D4D4D4D4D4D4D416
:101A9000D4D4D4D4D4D4D4D4D4D4D4D4D4D4D4D406
:101AA000D4D4D4D4D4D4D4D4D4D4D4D4D4D4D4D4F6
:101AB000D4D4D4D4D4D4D4D4D4D4D4D4D4D4D4D4E6
:101AC000D4D4D4D4D4D4D4D4D4D4D4D4D4D4D4D4D6
:101AD000D4D4D4D4D4D4D4D4D4D4D4D4D4D4D4D4C6
:101AE000D4D4D4D4D4D4D4D4D4D4D4D4D4D4D4D4B6
:101AF000D4D4D4D4D4D4D4D4D4D4D4D4D4D4D4D4A6
:101B0000D4D4D4D4D4D4D4D4D4D4D4D4D4D4D4D495
:101B1000D4D4D4D4D4D4D4D4D4D4D4D4D4D4D4D485
:101B2000D4D4D4D4D4D4D4D4D4D4D4D4D4D4D4D475
:101B3000D4D4D4D4D4D4D4D4D4D4D4D4D4D4D4D465
:101B4000D4D4D4D4D4D4D4D4D4D4D4D4D4D4D4D455
:101B5000D4D4D4D4D4D4D4D4D4D4D4D4D4D4D4D445
:101B6000D4D4D4D4D4D4D4D4D4D4D4D4D4D4D4D435
:101B7000D4D4D4D4D4D4D4D4D4D4D4D4D4D4D4D425
:101B8000D4D4D4D4D4D4D4D4D4D4D4D4D4D4D4D415
:101B9000D4D4D4D4D4D4D4D4D4D4D4D4D4D4D4D405
:101BA000D4D4D4D4D4D4D4D4D4D4D4D4D4D4D4D4F5
:101BB000D4D4D4D4D4D4D4D4D4D4D4D4D4D4D4D4E5
:101BC000D4D4D4D4D4D4D4D4D4D4D4D4D4D4D4D4D5
:101BD000D4D4D4D4D4D4D4D4D4D4D4D4D4D4D4D4C5
:101BE000D4D4D4D4D4D4D4D4D4D4D4D4D4D4D4D4B5
:101BF000D4D4D4D4D4D4D4D4D4D4D4D4D4D4D4D4A5
:101C0000D4D4D4D4D4D4D4D4D4D4D4D4D4D4D4D494
:101C1000D4D4D4D4D4D4D4D4D4D4D4D4D4D4D4D484
:101C2000D4D4D4D4D4D4D4D4D4D4D4D4D4D4D4D474
:101C3000D4D4D4D4D4D4D4D4D4D4D4D4D4D4D4D464
:101C4000D4D4D4D4D4D4D4D4D4D4D4D4D4D4D4D454
:101C5000D4D4D4D4D4D4D4D4D4D4D4D4D4D4D4D444
:101C6000D4D4D4D4D4D4D4D4D4D4D4D4D4D4D4D434
:101C7000D4D4D4D4D4D4D4D4D4D4D4D4D4D4D4D424
:101C8000D4D4D4D4D4D4D4D4D4D4D4D4D4D4D4D414
:101C9000D4D4D4D4D4D4D4D4D4D4D4D4D4D4D4D404
:101CA000D4D4D4D4D4D4D4D4D4D4D4D4D4D4D4D4F4
:101CB000D4D4D4D4D4D4D4D4D4D4D4D4D4D4D4D4E4
:101CC000D4D4D4D4D4D4D4D4D4D4D4D4D4D4D4D4D4
:101CD000D4D4D4D4D4D4D4D4D4D4D4D4D4D4D4D4C4
:101CE000D4D4D4D4D4D4D4D4D4D4D4D4D4D4D4D4B4
:101CF000D4D4D4D4D4D4D4D4D4D4D4D4D4D4D4D4A4
:101D0000D4D4D4D4D4D4D4D4D4D4D4D4D4D4D4D493
:101D1000D4D4D4D4D4D4D4D4D4D4D4D4D4D4D4D483
:101D2000D4D4D4D4D4D4D4D4D4D4D4D4D4D4D4D473
:101D3000D4D4D4D4D4D4D4D4D4D4D4D4D4D4D4D463
:101D4000D4D4D4D4D4D4D4D4D4D4D4D4D4D4D4D453
:101D5000D4D4D4D4D4D4D4D4D4D4D4D4D4D4D4D443
:101D6000D4D4D4D4D4D4D4D4D4D4D4D4D4D4D4D433
:101D7000D4D4D4D4D4D4D4D4D4D4D4D4D4D4D4D423
:101D8000D4D4D4D4D4D4D4D4D4D4D4D4D4D4D4D413
:101D9000D4D4D4D4D4D4D4D4D4D4D4D4D4D4D4D403
:101DA000D4D4D4D4D4D4D4D4D4D4D4D4D4D4D4D4F3
:101DB000D4D4D4D4D4D4D4D4D4D4D4D4D4D4D4D4E3
:101DC000D4D4D4D4D4D4D4D4D4D4D4D4D4D4D4D4D3
:101DD000D4D4D4D4D4D4D4D4D4D4D4D4D4D4D4D4C3
:101DE000D4D4D4D4D4D4D4D4D4D4D4D4D4D4D4D4B3
:101DF000D4D4D4D4D4D4D4D4D4D4D4D4D4D4D4D4A3
:101E0000D4D4D4D4D4D4D4D4D4D4D4D4D4D4D4D492
:101E1000D4D4D4D4D4D4D4D4D4D4D4D4D4D4D4D482
:101E2000D4D4D4D4D4D4D4D4D4D4D4D4D4D4D4D472
:101E3000D4D4D4D4D4D4D4D4D4D4D4D4D4D4D4D462
:101E4000D4D4D4D4D4D4D4D4D4D4D4D4D4D4D4D452
:101E5000D4D4D4D4D4D4D4D4D4D4D4D4D4D4D4D442
:101E6000D4D4D4D4D4D4D4D4D4D4D4D4D4D4D4D432
:101E7000D4D4D4D4D4D4D4D4D4D4D4D4D4D4D4D422
:101E8000D4D4D4D4D4D4D4D4D4D4D4D4D4D4D4D412
:101E9000D4D4D4D4D4D4D4D4D4D4D4D4D4D4D4D402
:101EA000D4D4D4D4D4D4D4D4D4D4D4D4D4D4D4D4F2
:101EB000D4D4D4D4D4D4D4D4D4D4D4D4D4D4D4D4E2
:101EC000D4D4D4D4D4D4D4D4D4D4D4D4D4D4D4D4D2
:101ED000D4D4D4D4D4D4D4D4D4D4D4D4D4D4D4D4C2
:101EE000D4D4D4D4D4D4D4D4D4D4D4D4D4D4D4D4B2
:101EF000D4D4D4D4D4D4D4D4D4D4D4D4D4D4D4D4A2
:101F0000D4D4D4D4D4D4D4D4D4D4D4D4D4D4D4D491
:101F1000D4D4D4D4D4D4D4D4D4D4D4D4D4D4D4D481
:101F2000D4D4D4D4D4D4D4D4D4D4D4D4D4D4D4D471
:101F3000D4D4D4D4D4D4D4D4D4D4D4D4D4D4D4D461
:101F4000D4D4D4D4D4D4D4D4D4D4D4D4D4D4D4D451
:101F5000D4D4D4D4D4D4D4D4D4D4D4D4D4D4D4D441
:101F6000D4D4D4D4D4D4D4D4D4D4D4D4D4D4D4D431
:101F7000D4D4D4D4D4D4D4D4D4D4D4D4D4D4D4D421
:101F8000D4D4D4D4D4D4D4D4D4D4D4D4D4D4D4D411
:101F9000D4D4D4D4D4D4D4D4D4D4D4D4D4D4D4D401
:101FA000D4D4D4D4D4D4D4D4D4D4D4D4D4D4D4D4F1
:101FB000D4D4D4D4D4D4D4D4D4D4D4D4D4D4D4D4E1
:101FC000D4D4D4D4D4D4D4D4D4D4D4D4D4D4D4D4D1
:101FD000D4D4D4D4D4D4D4D4D4D4D4D4D4D4D4D4C1
:101FE000D4D4D4D4D4D4D4D4D4D4D4D4D4D4D4D4B1
:101FF000D4D4D4D4D4D4D4D4D4D4D4D4D4D4D4D4A1
:102000000040002031100060D93200008F740000C1
:10201000D9320000D9320000D9320000000000009F
:10202000000000000000000000000000D9320000A5
:10203000D932000000000000D9320000A7120000D1
:10204000D9320000D9320000D9320000D932000064
:10205000D9320000D9320000D9320000D932000054
:10206000D9320000D9320000D9320000D932000044
:10207000D9320000D9320000D9320000D932000034
:10208000D932000000000000000000000000000045
:10209000D9320000D9320000D9320000D932000014
:1020A000D9320000D9320000D9320000D932000004
:1020B000D9320000D9320000D9320000D9320000F4
:1020C000D9320000D9320000D9320000D9320000E4
:1020D000D9320000D9320000D9320000D9320000D4
:1020E000D9320000D9320000D9320000D9320000C4
:1020F000D9320000D9320000D9320000D9320000B4
:10210000D9320000D9320000D9320000D9320000A3
:1021100000000000D932000000000000D9320000A9
:10212000D9320000D9320000D9320000D932000083
:10213000D9320000D932000000000000D93200007E
:10214000D9320000D9320000D9320000D932000063
:10215000D9320000D9320000000000000000000069
:10216000D9320000D9320000D9320000D932000043
:10217000D9320000D9320000D9320000D932000033
:10218000D9320000D9320000D9320000D932000023
:10219000D9320000D9320000D9320000D932000013
:1021A000D9320000D9320000D9320000D932000003
:1021B000D9320000D9320000D9320000D9320000F3
:1021C000D9320000D9320000D932000000000000EE
:1021D000D9320000D9320000D9320000D9320000D3
:1021E000D9320000D9320000D9320000D9320000C3
:1021F000D9320000D9320000D9320000D9320000B3
:10220000D9320000950B0000D9320000D93200000D
:10221000D9320000D9320000D9320000D932000092
:10222000D9320000D9320000D9320000D932000082
:10223000D9320000D9320000D9320000000000007D
:1022400000000000D9320000D9320000D93200006D
:10225000D9320000D9320000D9320000D932000052
:10226000D9320000D9320000D9320000D932000042
:10227000D9320000D9320000D9320000D932000032
:10228000D9320000D9320000D9320000D932000022
:10229000D9320000D9320000D9320000D932000012
:1022A000D9320000D9320000D9320000000000000D
:0822B000D9320000D932000010
:1022B800F0B503AF2DE9000B82B0044690F8340066
:1022C800D1E900598E6808B1206838E005F061FE50
:1022D800804605F051FE20685FEAC8712FD10028BA
:1022E8005AD14FF0FF30206028686D46009004F105
:1022F800200001902846D6F8008099F8006004F084
:1023080054F9284604F099F9002E18BF01262846EA
:10231800314604F09EF92846012104F05EF928466A
:10232800414604F068F9284604F04BF9206801306A
:10233800206005F023FE02B0BDE8000BF0BD58BBDD
:102348004FF0FF30206028686D46009004F12000AF
:1023580001902846D6F8008099F8006004F025F925
:10236800284604F06AF9002E18BF0126284631468F
:1023780004F06FF92846012104F02FF92846414658
:1023880004F039F9284604F01CF92068013020606F
:1023980002B0BDE8000BF0BD40F27000C2F22000B0
:1023A80005F096FFF0B503AF2DE9000F85B00446A0
:1023B8008868002840F0848092F821B04FF0FF3000
:1023C80001F10C068860002091468846CDE9000B93
:1023D8000290304600210122002303F00EFC8A46B9
:1023E800D8F80810C00701F10101C8F808106DD12C
:1023F800002965D14FF0FF308021C8F8080000207F
:10240800CDE9000B012202903046802303F0F5FB52
:10241800D8F80820C00702F10102C8F8082069D1DD
:10242800D8F80000002879D14FF0FF30002A039136
:10243800C8F8000078D1C8F80800304603F056FC08
:10244800D8F808000130C8F8080073D34FF0FF30FF
:102458008021C8F8080004F12400BFF35F8FC8F892
:102468004460BFF35F8F07F068F9C4F8DC6004F1DB
:10247800B400B9E86E006EC099E86E006EC0002026
:102488000399A17708F14401A161E160042184F86E
:10249800E200C4E92B00C4F8A400A4F81F00A4F8C3
:1024A8001CB0A4F8130084F812A0A4F810B020807F
:1024B800A4F8E310A4F8E00005B0BDE8000FF0BDF3
:1024C80040F24420C2F2200005F002FF40F228301A
:1024D80040F29423C2F22000A7F11E02009040F2BD
:1024E8002410C2F22000C2F22003202107F81EACFB
:1024F80006F032F840F2183040F29423C2F220007D
:10250800A7F11D02009040F2241007F81D1CC2F22A
:102518002000C2F22003202106F01EF840F27420A9
:10252800C2F2200005F0D4FE40F26420C2F220007E
:1025380005F0CEFE40F25420C2F2200005F0C8FE9D
:10254800F0B503AF2DE9000FADF5317D8B4604469C
:1025580001F1340038310BF1540202F0D6FDDBF8FA
:102568002801016841F001010160DBF828110868C1
:1025780020F0020008600020C1F80801C1F8180125
:10258800C1F828011A91C1F83801DBF8C060306839
:1025980020F001003060306840F40040306030685E
:1025A800000409D53068000444BF30685FEA004081
:1025B80002D530680004F2D43F20B060306820F0C3
:1025C80001003060DBF8C450286820F00100286062
:1025D800286840F4004028602868000409D5286865
:1025E800000444BF28685FEA004002D52868000458
:1025F800F2D43F2040F26341A860286820F001002F
:102608002860DBF80080DBF85C011990D8F84800F6
:1026180040F00100C8F84800D8F844000843C8F85A
:102628004400D8F84400012161F38300C8F844004D
:10263800D8F8440020F08000C8F84400D8F84800D2
:1026480040F02000C8F84800D8F8440040F4404062
:10265800C8F84400D8F8440040F44470C8F844006E
:10266800D8F8480040F08000C8F84800D8F858006A
:1026780000070CD0D8F8580000071CBFD8F858003D
:102688005FEA007003D0D8F858000007EED1D8F8F8
:10269800480040F2634140F02000C8F84800D8F8EC
:1026A800440020F44040C8F84400D8F8440020F41E
:1026B800447000F58870C8F84400DBF80490D9F835
:1026C800480040F00100C9F84800D9F84400084320
:1026D800C9F84400D9F84400012161F38300C9F81E
:1026E8004400D9F8440020F08000C9F84400D9F823
:1026F800480040F02000C9F84800D9F8440040F4E8
:102708004040C9F84400D9F8440040F44470C9F87E
:102718004400D9F8480040F08000C9F84800D9F8CA
:10272800580000070CD0D9F8580000071CBFD9F88A
:1027380058005FEA007003D0D9F858000007EED1BE
:10274800D9F8480002220F2340F02000C9F84800B9
:10275800D9F8440020F44040C9F84400D9F84400AE
:1027680020F4447000F58870C9F84400DBF87C1147
:102778001BA802F0A9FFDBF868112DA84FF48052BE
:1027880002F06AFFDBF89C000B90DBF8A4000A90CB
:10279800DBF8A8000690DBF8AC000590DBF88401B4
:1027A8000490DBF890010390DBF89801DBE917123D
:1027B800029031A802F0EEFFDBE90D10DBF83021C2
:1027C8001890DBF854001790DBF880000990DBF8CC
:1027D80084000890DBF888000790DBF8E00015908B
:1027E800DBF8E8001490DBF8FC001390DBF800013C
:1027F8001090DBF804010F90DBF808010E90DBF86D
:102808000C011290DBF814011190DBF81C011691F1
:102818000F210D904FF470400C92A2F88C01A2F891
:102828008E11DBF834A1AAF88C01AAF88E11DBF816
:1028380038210192A2F88C01A2F88E114FF400728F
:10284800DBF83CB1ABF88C01ABF88E1131A90698D6
:102858002062059860620498A0620398E06202987A
:1028680020631A98C4E90465C4E90000C4E90200B9
:102878000B98A0610A98E06104F5907006F057FF84
:1028880019990BF160020BF5907C01F1340050317D
:10289800C4E929B2C4E9C81004F1BC010998C4F814
:1028A800B4000898C4F8B80007980C9A81E80103A6
:1028B8000BF1C0010198C4E92B1C0AF1C00100F515
:1028C800907300F1C00600F16005C4E9230002F12D
:1028D800C0002067169860631898A0631798E06393
:1028E8001598C4E925560AF59075C4E9273B02F501
:1028F800907320640AF160061498C4E91D3A0F9B8E
:1029080060641398C4E9211502F1600163650E9BA8
:10291800A0641198A3650D9BE0641298E365109B71
:10292800C4E91A211BA9206504F1C800C4E91832BA
:102938004822C4E91FA606F0FAFE2DAB04F5887CF0
:102948000FCB8CE80F000DF5317DBDE8000FF0BD11
:10295800F0B503AF2DE9000F85B0054608680028DB
:1029680040F0AA80002091F804B008600C468868FE
:102978000BF101012171002840F098804FF0FF30E1
:1029880004F10C069146A060FF2008210322029062
:10299800CDE90021304680210022802303F02DF963
:1029A8008A46A168C00701F10101A16040F08A8050
:1029B8002068002840F0808094F8048000200029D6
:1029C800206008F10102227170D14FF0FF3100221E
:1029D800A1600221CDE900190021029030460023B0
:1029E80003F00BF9A268C00702F10102A2607DD1D1
:1029F800002A03915AD14FF0FF300021A060022035
:102A0800CDE900093046029180210022802303F09D
:102A1800F4F8C00701BF85F82CB085F82D8040F286
:102A2800FF30A5F80F0001BF85F80EA00820A88187
:102A380004F1440201BFAA604FF40073A5F82730DF
:102A480085F8261001BFA5F824902A62A5F81B3046
:102A5800039901BFA976A5F818906A614FF4FA5155
:102A680001BF2960A1680022AA7101BFA880EA8578
:102A7800481CA06002BF05B0BDE8000FF0BDA0680B
:102A880040F29423A7F11D0207F81D1C0130A06035
:102A980040F24830C2F22003C2F220000F21009019
:102AA80040F23830C2F2200005F056FD40F24420D2
:102AB800C2F2200005F00CFC40F28420C2F2200093
:102AC80005F006FC40F2583040F29423C2F2200090
:102AD800A7F11F02009040F23830C2F22000C2F283
:102AE80020030F2107F81FAC05F036FD40F24830EF
:102AF80040F29423C2F22000A7F11E02009040F297
:102B0800383007F81E1CC2F22000C2F220030F2141
:102B180005F022FD007840F244120B4640F20C41C9
:102B2800C2F22001C2F2200251F8201052F82020EF
:102B3800184606F0B5B8084640F2F831C2F220014E
:102B4800122206F0ADB8F0B503AF2DE900078046B4
:102B580005F0E2F902E061685046884705F0FCF9A3
:102B6800BFF35F8F0546D8F800609EB3D6F808908B
:102B780005F0B2F9B168401A0021B0F1FF3FC8BFB3
:102B880001210028317317D43069C8F80000D6E94C
:102B98000010096888470446307B05F001008A4622
:102BA80005F0E5F9002CD6D105F096F9A0EB09005F
:102BB800B0F1FF3FD2DC0AE005F0010005F0D7F9DB
:102BC80005F08AF9A0EB0900B0F1FF3FC6DCBDE8CB
:102BD8000007F0BD2846BDE80007BDE8F04005F055
:102BE800C6B9084640F2B441C2F22001022205F0FB
:102BF80029BF45F200000121C2F200000068BFF3BE
:102C08005F8F80F875107047F0B503AF2DE9000F9E
:102C1800E1B08A4648F24851C2F20001D0F800C03B
:102C2800D0F808E046F200000A60C2F2000041F263
:102C3800381146188DF807A0BFF35F8F56E8001FBC
:102C480041F0004546E80054002CF7D1B1F1FF3FB0
:102C5800BFF35F8F40F3E08045F214060125C2F20E
:102C6800000606F5A062BFF35F8FD2E84F4FC2E8B7
:102C7800415F0029F9D10093002CBFF35F8F40F02A
:102C8800D68041F23811CDE95E620144559000F5D5
:102C9800865200F580500DF5AA7B5B9106214FF016
:102CA8000009CDE9561058465A91CDE9581201212C
:102CB800CDE95CCEADF8809103F0D2FDBBE87E0093
:102CC8000DF1080808F104007EC09BE87E007EC074
:102CD800012051468DF83C004046CDF8089002F09E
:102CE80094FD009855A957900DF1070056904AA8F1
:102CF80055904046CDF82891FFF7DAFA48F2000AD5
:102D08004FF48060C2F2000A4146AAF804000AF1B2
:102D18000C00CAF80890CAF800905CC95CC07CC96D
:102D28007CC091E87C0051467CC040464FF400725C
:102D3800CAF84490FFF70CFEB8E87E0048F24C5001
:102D4800C2F200007EC098E87E007EC0322010AC3F
:102D5800CDF84E010220C4F200004BAACDF84A017A
:102D68001020ADF8480145F62400C2F2DD70514646
:102D7800519009204E9040F2B640C2F22000CDF8A2
:102D88003C914D902046CDF82C91FFF70BFB479DC9
:102D98008121284602F088FD2846012102F084FDA1
:102DA8002846822102F080FD2846022102F07CFD9F
:102DB8002846832102F078FD2846032102F074FD9D
:102DC8002846842102F070FD2846042102F06CFD9B
:102DD8002846852102F068FD2846052102F064FD99
:102DE8002846862102F060FD2846062102F05CFD97
:102DF8002846872102F058FD2846072102F054FD95
:102E080048F248002146C2F20000E82206F08FFC92
:102E180061B0BDE8000FF0BD40F2800040F214122E
:102E2800C2F22000C2F220021F2105F08FFA40F200
:102E3800641040F2C412C2F22000C2F22002202123
:102E480005F084FA80B56F4641F21070C2F2200096
:102E5800006880470020BDE8804005F09DB880B537
:102E68006F4690B04FF0000801E0BFF32F8F45F296
:102E78000000C2F20000066896F874000028F6D038
:102E880006F17500D0E84F1F0129EED1C0E8418F47
:102E98000029F7D1BFF35F8F96F87000B8B13146BB
:102EA80011F86C0F0291B0B1032840F01D82B146B1
:102EB80019F8680F88B1032840F01C82354615F8C8
:102EC800650FA5F1450A58B103285AD018E23168B0
:102ED800C6E9011808E0F46817E0D6E904B41DE073
:102EE800B16BD6F860B02DE0D1E90001012201F004
:102EF8001F014FF4FA7402FA01F1C0F88C10304641
:102F080000F86C8F029040F8604CB14648F2805B44
:102F180009F8688FC2F2000B49E916B404F0DCFF27
:102F28003546014605F8658F0219002CA5F1450ABA
:102F380045F805BC18BF511C45F82D1C45F84D0C2B
:102F480045F8491C304640F83C1F80F828809BF81B
:102F58000410002900F0B5813146012241F8408F64
:102F6800A1F1200C01F1180381F824200A4642F847
:102F78001C8F8CE8090841E9052B41F80C2CC1E9A4
:102F8800051104F0A9FFDAF800402168401AB0F1F1
:102F9800FF3F0EDD706D0168002958D0007B0028C6
:102FA80018BF86F8648096F86400002840F089808D
:102FB800B0E0DAF8040005682868002840F06D8160
:102FC80041F2A020C2F22000016840F64310C0F28E
:102FD80000008847834628688946246800281EBF61
:102FE800C16868688847C5F8108085F80C80C5E90D
:102FF8000194DAF80840C5F800B004F0ADFFBFF35B
:103008005F8F2168002946D08B68AA68D31A41D4FB
:103018000B69002B00F03B819C68141B1C4600F1D7
:1030280035811969002942D08C68141B0CD40B69AE
:10303800002B00F02C819C68141B00F12681196973
:10304800A9B38C68141BE3D50C4619461EE1D6E9D2
:103058000C4086F86480D0F800A004F07DFFBFF330
:103068005F8F216841B30A698A4501D1226023E054
:1030780012B3924513461DD01169E9B18A4513D0A0
:103088000A69CAB1924514D01169A9B18A450BD011
:103098000A69EDE72961256004F069FFDAF80C0098
:1030A800056004F031FFF8E00B46114602E01946CE
:1030B800EDE013461A690A6104F059FF96F86400B6
:1030C80040B3D6E90C40D0F800A004F045FFBFF3A8
:1030D8005F8F2168E1B10A698A4501D1226017E052
:1030E800B2B19245134611D0116989B18A4509D008
:1030F8000A696AB1924508D0116949B18A4501D077
:103108000A69EDE70B46114600E013461A690A61A1
:1031180004F02DFF306C86F8648000281EBFC1685B
:10312800706C884702990120287089F8000008709F
:1031380048F29450C2F200000068022829D9012000
:1031480040F258610B90C2F220010D9003A80C9038
:1031580046F6E370C0F20000CDF83880049006F11E
:103168000800039040F27060C2F220000A9105F056
:103178008BF840F2606109900D20C2F2200108909E
:1031880005AACDE905100AA807910321002305F037
:1031980014F8344646F6B75154F8080FCBF2DB6101
:1031A80044F62512C2F29242414391422FD248F28C
:1031B8009451C2F200010968022928D3012040F283
:1031C8009C610B90C2F220010D9003A80C9046F66A
:1031D800E370C0F20000CDF83880CDE9034040F23A
:1031E800A460C2F220000A9105F04EF840F2606136
:1031F80009900D20C2F22001089005AACDE905101A
:103208000AA807910221002304F0D7FF206843F29F
:10321800A77146F22C42CEF6BD11C0F621324143C9
:1032280091422ED848F29451C2F20001096841B384
:10323800012040F2D0610B90C2F220010D9003A84A
:103248000C9046F6E370C0F20000CDF83880CDE966
:10325800034040F2D860C2F220000A9105F014F849
:1032680040F2606109900D20C2F22001089005AA81
:10327800CDE905100AA807910121002304F09DFF5C
:10328800206801307168B0602EE61C462C610D6123
:1032980004F06DFEDAF80C00056041F2A020C2F2DD
:1032A8002000C168032086F8700086F86C0086F854
:1032B800680086F8650040F64310C0F200008847B1
:1032C800D5E5012100200B9140F21051C2F22001F6
:1032D8000E900D9004200A9140F288510C900AA893
:1032E800C2F2200105F0F5F840F2A440C2F2200035
:1032F80005F0BCFF40F2A850C2F2200005F0B6FF6E
:1033080040F29850C2F2200005F0B0FF80B56F4639
:10331800A4B004F031FE48F28C500121C2F2000042
:1033280048F2985401704EF27140CEF20000F0213C
:1033380001704EF20C10CEF200004FF40031016023
:103348000020ADF8740045F20000C2F200006946A2
:10335800016044F20000C2F20004C2F20000A04280
:1033680003D904F013FEA04203D900F015F8FFF7C3
:1033780076FD012100201F9140F21471C2F2200154
:103388002290219004201E9140F21C7120901EA8CA
:10339800C2F2200105F09DF8F0B503AF2DE9000752
:1033A800ADF5A06DD0AC204601F0F6FC06A821468C
:1033B800FFF7C6F810AB0D980DF1080C0ECB8CE892
:1033C8000F0002A801F091FE814600200890042019
:1033D8000790032006904FF47A60D09048F230109E
:1033E800C2F200008A4600F212400122BFF35F8F4A
:1033F800D0E84F1FC0E8432F002BF9D10029BFF3B5
:103408005F8F6BD0DDE90346059D002C40F08F806F
:103418004EF21000CEF20000016821F001010160B7
:10342800016841F00401016042F2BF71C0F2090174
:103438004160016841F002010160016841F0010149
:10344800016048F280500121C2F20000BFF35F8F93
:10345800017145F20000BFF35F8FC2F200000068FF
:1034680000F17402D2E84F3F43B9BFF35F8FC2E85F
:10347800431FB3B1D2E84F3F002BF8D040F20060B1
:1034880040F2E453C2F22000BFF32F8F009040F2C5
:10349800B850C2F22000C2F2200306AA2B2105F080
:1034A8005BF80021BFF35F8F80F8701041F208715C
:1034B800C2F2200101220160BFF35F8F80F87520FE
:1034C80041F21070C1E9009AC2F22000066004F0CF
:1034D80055FD0DF5A06DBDE80007F0BD48F23016AA
:1034E8004FF48061C2F20006304606F026F904F077
:1034F80033FD06A98046304600F0B1FB18B1DDE97E
:103508000346059D0DE048F2301203A8D0ABC2F285
:1035180000020121FFF778FB41F6EB160024C0F208
:103528000006404604F023FD002C3FF471AF40F242
:10353800206040F21063C2F220000895009040F22B
:10354800B850CDE90646C2F22000C2F2200306AA0E
:103558002B2105F001F848F28050C2F20000FFF775
:10356800F2BA0020704770470820704770470A4633
:10357800D0E9000105F098BB006805F012B880B5E5
:103588006F4682B000228029019207D28DF804107C
:10359800012201A900F057FA02B080BD02220B46B1
:1035A80062F39F13B1F5006F05D28DF80530C02383
:1035B80043EA911125E0B1F5803F11D28DF806302C
:1035C8008B0962F39F13E02242EA11318DF805302E
:1035D8008DF80410032201A900F035FA02B080BD6D
:1035E8008DF807308B0962F39F138DF806300B0BAB
:1035F800890C62F39F131E2262F3DF0104228DF807
:1036080005308DF8041001A900F01DFA02B080BD44
:103618000A4640F2D471C2F2200104F0C7BFD0B507
:1036280002AF537A012B07D1137A012B02BF90F80E
:103638002C3054889C4200D0D0BD9379212B04BFF4
:103648009288072A28D0088840F002000628F3D17B
:10365800C86809220A800068BFF35F8F88B18A7C36
:103668000C461146012202F08CFDA0690068BFF3E8
:103678005F8F00281FBFA17F0122BDE8D04002F064
:1036880080BD40F22C7040F2C472C2F22000C2F237
:103698002002222104F02EFF0A88042A18BFD0BD78
:1036A800CA88002390F804C0012490F805E0072A8E
:1036B800C1F8AC3083790068486208460C8081F80C
:1036C800283081F829E081F82AC028BF0722C1F8EC
:1036D800B020BDE8D04000F0F6BDD0B502AF84B050
:1036E800537A012B07D1137A012B02BF90F82C30A3
:1036F80054889C4201D004B0D0BD9379002B51D09E
:10370800202B0ED0222B2CD112780B8802F001042A
:1037180080F82E40062BC2F3400280F82F20EAD111
:1037280043E0D1F8B030812B5CD2062B19D991F83F
:10373800282091F8294091F82AE0032A4B6AB1F829
:1037480000C003604FF0000380F804E028BF1A4669
:10375800052C827138BF2346BCF1060F4371CAD1CC
:1037680023E0088840F002000628C4D1C86809226E
:103778000A800068BFF35F8F48B38A7C0C46114605
:10378800012202F0FEFCA0690068BFF35F8F0028E9
:103798001FBFA17F012204B0BDE8D04018BF02F0CE
:1037A800F0BC14E008880628A5D188690368BFF32F
:1037B8005F8F63B18A7F0020009002A80C461946EB
:1037C800012302F0F6FA0820208004B0D0BD40F2B0
:1037D8002C7040F2C472C2F22000C2F220022221F0
:1037E80004F088FE40F664021846C2F220028021E6
:1037F80005F07FFAF0B503AF4DF8048D84B090F86A
:103808002C60804600250220CDE900050C460846BC
:1038180031460222022304F0BEF8C1B2082963D15E
:103828002046314602220223009504F008F9C1B26D
:10383800082959D140F674022046C2F220022421F8
:10384800032303F04DFFC1B208294DD140F677029A
:103858002046C2F220022421022303F041FFC1B214
:10386800082941D10620A7F1160207F8156C242172
:1038780098F82D60032307F8160C204607F8146CF7
:1038880003F02EFFC1B208292ED10120A7F113029F
:1038980027F8130C20462421032307F8116C03F0A2
:1038A8001FFFC1B208291FD108F10801204600F006
:1038B800EAFBC1B2082917D1002031460090204602
:1038C8000A22002304F0BBF8C1B208290CD108F180
:1038D8002001204600F0D7FBC1B2082904D108F125
:1038E8001401204600F0CFFB04B05DF8048BF0BD56
:1038F8000021C1858171082181804FF4FA5101604E
:103908007047F0B503AF2DE9000B48F29452D1F897
:103918000080C2F200021268904503D90020BDE879
:10392800000BF0BD4268F2B10068D1E90194061DB0
:1039380002EB4200850003E00C3D06F10C06EDD0D9
:1039480030688442F8D156F8040C4946224605F0FE
:10395800F2FE0028F0D171680020884598BF012048
:10396800BDE8000BF0BD0120BDE8000BF0BDF0B5CF
:1039780003AF2DE9000F91B0804648F29450C2F28F
:103988000000D1F82090006881451ED8D8F80400BE
:103998008A46F0B1D8F8001000EB4000DAE909B621
:1039A8000C1D850003E00C3D04F10C040DD02068CB
:1039B8008642F8D154F8040C5946324605F0BBFE4D
:1039C8000028F0D16068814505D911B0BDE8000F25
:1039D800F0BDDAE909B6002040F2D4710590042060
:1039E800029040F68000C2F2200001AA0190032054
:1039F800049007A8039041F2C920C0F20000C2F267
:103A080020010C9010A80B9041F2BF20C0F20000DA
:103A1800CDF800800A900EA8099045F65D60C0F2C6
:103A28000000CDF8349008900DA807900AF12C00FA
:103A380010906846CDE90EB604F0B8FD11B0BDE8A7
:103A4800000FF0BD7047F0B503AF2DE9000F83B04C
:103A580014460D46D0F8008004F07EFAD8F8081015
:103A6800002940F0F680D8F80C904FF0FF31C8F8E4
:103A78000810012209F21146BFF35F8FD6E84F1FE5
:103A8800C6E8432F002BF9D1BFF35F8F61B1012442
:103A9800D8F808100131C8F8081004F068FA204670
:103AA80003B0BDE8000FF0BDD9F80014BFF35F8F75
:103AB800D9F80424BFF35F8F914203D2CB43D218C5
:103AC8000AD180E0B1F5806F04D1012A7BD9013A8F
:103AD800002101E0C1F58062A246A242019238BFEE
:103AE80092460AEB01024944BFF35F8FC9F80C24E0
:103AF8000290084629465246009505F01AFE02989B
:103B080009F20C4B99F81114BFF35F8F59B3D9F828
:103B18000014BFF35F8FBFF35F8F5BE8002F4BE8A4
:103B28000023002BF9D1BFF35F8FB1F5806FD9F86F
:103B38000834BFF35F8FD9F80C24BFF35F8F01D02F
:103B48008A4203D39A4205D94FF48061BFF35F8F4D
:103B5800C9F80814BFF35F8FC9F800240021BFF328
:103B68005F8F89F811140199A14220D20099A4EB22
:103B78000A020125BFF35F8F5144D6E84F3FC6E8DC
:103B8800445F002CF9D1002BBFF35F8F7FF47FAF28
:103B9800D9F80034BFF35F8FD9F804C4BFF35F8F3F
:103BA800634506D2DD431CEB050C14D10BE0002461
:103BB8006EE7B3F5806F0CD1BCF1010F03D9ACF1FE
:103BC800010C002307E001240021BFF35F8F31704F
:103BD8005EE7C3F5806C944538BF6246D018BFF3E2
:103BE8005F8FC9F80C0409EB030005F0A2FD99F8F2
:103BF8001104BFF35F8F48B3D9F80014BFF35F8F88
:103C0800BFF35F8F02985BE8002F4BE80023002B7F
:103C1800F9D1BFF35F8FB1F5806FD9F80834BFF3DE
:103C28005F8FD9F80C24BFF35F8F01D08A4203D38A
:103C38009A4205D94FF48061BFF35F8FC9F8081421
:103C48000024BFF35F8FC9F80024BDE70024029861
:103C58001EE740F61810C2F2200004F039FBD0B578
:103C680002AF45F204020C46D1E90113C2F2000288
:103C78004FF0000CD06082E80A1040F62811C2F21A
:103C88002001104604F054FA002801BF216848F2C8
:103C98009452C2F200021160D0BDF0B503AF4DF8E6
:103CA800048D84B040F6401048F2445648F2480566
:103CB800C2F220000390C2F2000606F10800C2F228
:103CC800000502A902902846012200F083FE04465E
:103CD8000021D5F8DC00029102A900F058F995F806
:103CE800E2203178022A35D179B9D5F8DC1080463E
:103CF800084601F053FF0021D5F8DC00029102A923
:103D080000F0ABF8404601213170F1690968BFF352
:103D18005F8F002900F0968044EA0005002096F89D
:103D280022200123009002A8012402F036F96DB187
:103D38007068BFF35F8F00F58261D1E84F2FC1E84B
:103D4800434F002BF9D1BFF35F8F8AB104B05DF800
:103D5800048BF0BD31B10021D5F8DC00029102A935
:103D680000F0CFF80020307004B05DF8048BF0BD8F
:103D7800D0F80054BFF35F8FD0F80824BFF35F8FEB
:103D8800D0F80434BFF35F8F934206D19D423EBF03
:103D9800BFF35F8F0023C0F804349D4228BF2A4632
:103DA8009A4207D10020BFF35F8F087004B05DF816
:103DB800048BF0BDB16AD6F804800968BFF35F8F41
:103DC80000293FD0D41A96F82E20034402A825468D
:103DD800B4F5007F28BF4FF40075009501F0E9FFA6
:103DE8009DF8080080B198F81004BFF35F8F002891
:103DF800ACD008F20440BFF35F8F50E8001F40E8E2
:103E08000012002AF9D114E0039898F81014BFF3AF
:103E18005F8F00299AD008F20441844238BF2046B7
:103E2800BFF35F8F51E8002F024441E80023002BC5
:103E3800F8D10020BFF35F8F88F8100404B05DF854
:103E4800048BF0BD40F22C7040F2C472C2F2200024
:103E5800C2F22002222104F04DFBF0B503AF4DF869
:103E680004BD82B0044690F8340058B12068002898
:103E780041D14FF0FF30224642F8200B0968CDE9C6
:103E8800001229E00E6804F084F8054604F074F87E
:103E98002068E90718D170BB4FF0FF30214641F880
:103EA800200B6846CDE9006102F0EBFB00281CBF3F
:103EB800684602F064FB20680130206004F05EF878
:103EC80002B05DF804BBF0BDA8B94FF0FF30214641
:103ED80041F8200BCDE90061684602F0D2FB0028CA
:103EE8001CBF684602F04BFB20680130206002B01E
:103EF8005DF804BBF0BD40F6E410C2F2200004F007
:103F0800E7F9F0B503AF4DF804BD82B0044690F868
:103F1800340038B12068A0BB4FF0FF30096820603A
:103F2800009121E00E6804F034F8054604F024F806
:103F38002068E90713D120BB4FF0FF3000962060BE
:103F480004F120000190684602F02FFB2068013040
:103F5800206004F013F802B05DF804BBF0BD80B92E
:103F68004FF0FF300096206004F120000190684671
:103F780002F01BFB20680130206002B05DF804BB32
:103F8800F0BD40F6E410C2F2200004F0A1F9F0B54B
:103F980003AF4DF804BD82B0044690F83400C8B1B0
:103FA8002068002869D14FF0FF30224642F8200BE4
:103FB80068460968CDE9001202F02FFB002841D0BD
:103FC8006D46284602F039FB284602F026FB0028F9
:103FD800F7D135E00E6803F0DCFF054603F0CCFFAF
:103FE8002068E90717D1002847D14FF0FF30214654
:103FF80041F8200B6846CDE9006102F00EFB68B37A
:104008006D46284602F019FB284602F006FB0028F8
:10401800F7D1012527E080BB4FF0FF30214641F85A
:10402800200B6846CDE9006102F0F7FA50B16D4601
:10403800284602F002FB284602F0EFFA0028F7D1E2
:10404800012004E0684602F0A6FA80F00100216829
:104058000131216002B05DF804BBF0BD684602F092
:104068009AFA80F0010520680130206003F086FF8D
:10407800284602B05DF804BBF0BD40F6E410C2F279
:10408800200004F025F9F0B503AF4DF8048D8C46F7
:10409800816889B3C36841698B4249D20269D0F803
:1040A80018E0D45C0134D4540EF102038B421FD8BB
:1040B8000EF58075A9422C4638BF0C469D423ED36A
:1040C800E41A052C14D39CF80640BCF80450D454C8
:1040D80013440EF107049CF808608C429CF8078092
:1040E8005E704FEA15269D7083F80480DE7007D94C
:1040F80002205DF8048BF0BD07205DF8048BF0BD4D
:104108008E4524D2072302F80E300EF101038B42AC
:104118003FBF0521D154846108203CBF5DF8048B62
:10412800F0BD40F68C221846C2F2200204F0F5F9E0
:1041380040F69C221846C2F2200204F0EEF940F63E
:104148006C221846C2F22002214604F0F1FD40F626
:104158007C227046C2F2200204F0DFF9D0B502AF2B
:1041680084B00188062911D181690968BFF35F8F7E
:1041780079B10023827F009302AB044618460123DD
:1041880001F017FE0820208004B0D0BD072004B03D
:10419800D0BD40F22C7040F2C472C2F22000C2F2CC
:1041A8002002222104F0A6F9F0B503AF4DF804BDB2
:1041B80086B0044608880D46411E032927D30528E2
:1041C80025D0072832D1D5F8AC00D5F80630698952
:1041D8008128D5F80220ADF80C10CDE901236BD267
:1041E800E9680968BFF35F8F00295AD0C0F18003DE
:1041F800AA7C2844009300F1240304A801F0CDFE12
:104208009DF81000C0B39DF81100D8B92EE0E868F9
:104218000168BFF35F8F002943D0AA7C04A8002659
:104228000123009601F0B9FE2E801FE0E8680168BE
:10423800BFF35F8FA9B30020AA7C009004A80123D4
:1042480001F0ABFEE868092129800068BFF35F8FA1
:1042580038B3A97C012201F094FFA8690068BFF374
:104268005F8FF0B1A97F012201F08BFF04206072FB
:1042780006B05DF804BBF0BD0598D5E92B120844DB
:10428800C5F8AC009042F1D3DDE901010623BDF881
:104298000C202B8020606160228106B05DF804BB91
:1042A800F0BD40F22C7040F2C472C2F22000C2F29B
:1042B8002002222104F01EF940F624328021C2F2A5
:1042C800200204F0F7FCB0B502AF84B00446D0E990
:1042D8002951D0F8AC00D4F8B0C0002DA38BAE465D
:1042E800ACEB000208BF04F1240E9A4238BF134613
:1042F800002D03EB000C08BF80219C4525D38C457D
:104308002AD8A1690968BFF35F8F61B3A27F0093C0
:104318000EEB000302A801F04CFD9DF8080008B15F
:1043280004B0B0BD0398D4E92B120144C4F8AC1012
:104338009142F5D30021A28BC4F8A4100321904226
:1043480008BF0221218004B0B0BD40F64432614666
:10435800C2F2200204F0ECFC40F644326046C2F29D
:10436800200204F0C6FC40F22C7040F2C472C2F283
:104378002000C2F22002222104F0BCF8D0B502AF1E
:104388000446008840F00200062815D1E06809219B
:1043980021800068BFF35F8F80B1A17C012201F00A
:1043A800F0FEA0690068BFF35F8F38B1A17F0122DA
:1043B80001F0E7FE0820D0BD0720D0BD40F22C70E8
:1043C80040F2C472C2F22000C2F22002222104F09C
:1043D80091F8F0B503AF2DE9000782B01D4691466C
:1043E800884682468AB108EBC9064446D4E90001EA
:1043F8002A464B6A51469847BAF8000040F0020036
:10440800062835D10834B442F0D1687AA0B3BAF896
:10441800001041F0020006282AD1DAF80C00092120
:10442800AAF800100068BFF35F8FB0B19AF81210B5
:10443800012201F0A6FEDAF818000068BFF35F8FCA
:1044480000281FBF9AF81E10012202B0BDE800071D
:104458001CBFBDE8F04001F094BE40F22C7040F261
:10446800C472C2F22000C2F22002222104F042F8F3
:1044780002B0BDE80007F0BD297AA87949B301293F
:1044880012D0022908BF0028C1D16988DAF8DC00F7
:1044980001F08F0101F007FFBAF800100429B8D124
:1044A800AAF82400002039E080B30A28AFD1BAF86E
:1044B80000100429ADD1BAF80610002001228AF8AC
:1044C8002400AAF80020002918BF0121CAE92B01FD
:1044D80053E0D0B306282CD0082898D1BAF8001099
:1044E800042996D1BAF8061001229AF8E230002081
:1044F800AAF80020002918BF0121CAE92B01981E3B
:10450800B0FA80F040098AF8240036E0BAF80010C2
:1045180004297FF47EAF0020AAF82400BAF8062008
:104528000121AAF80010022A28BF0222CAE92B0298
:1045380023E069884A4628885346CDE900010AF1F4
:10454800B400414600F0DAF861E7BAF8001004292F
:104558007FF45FAF9AF8E00001239AF8E110002297
:10456800BAF80660AAF8003041EA4000022E28BFD7
:104578000226CAE92B26AAF824005046FFF7A3FE14
:1045880045E7D4D4F0B503AF4DF8048D84B01D468B
:1045980080468AB101EBC2040E46D6E900012A46DC
:1045A8000B6A41469847B8F8000040F00200062818
:1045B8005FD10836A642F0D1687A78B367E040F058
:1045C8000200062855D1D8F80C000921A8F80010D7
:1045D8000068BFF35F8FB0B198F81210012201F0A4
:1045E800D0FDD8F818000068BFF35F8F00281FBF00
:1045F80098F81E10012204B05DF8048B1CBFBDE8BA
:10460800F04001F0BEBD40F22C7040F2C472C2F21C
:104618002000C2F22002222103F06CFF2A7AA87936
:10462800298852B3012A0AD0022A30D1012837D06A
:10463800032808BF00292AD16988012234E00B2801
:1046480008BF002923D1B8F800000628B7D1D8F848
:1046580018000168BFF35F8F0029D4D098F81E2096
:104668000020009002A8012301F0A3FB0820A8F86D
:10467800000004B05DF8048BF0BD0138082806D8A6
:10468800DFE800F008052205190505052800B8F837
:10469800000094E70129FAD1002088F8E00024E01E
:1046A8000029F4D169880022D8F8DC0001F08F01D4
:1046B80001F067FD19E0481E80B27F28E7D2D8F8DC
:1046C800DC0001F0D0FA0DE00129E0D1012088F8E2
:1046D800E0000AE019B10129D9D1022003E098F8D5
:1046E800E20030B1012088F8E2004046FFF736FDCD
:1046F800CDE74046FFF742FEC9E7D4D4F0B503AF93
:104708002DE900078CB0BE680D46014698464FF06B
:10471800FF33B0B203EB10200E2800F2F580DFE87B
:1047280010F00F0052002900F300F300F300F3002B
:10473800F300F300F300F300F300F300F300850047
:10474800B8F80000042840F09980002080220A90E0
:104758008DF82C000690049004A8099208F1240210
:10476800B8F80640089203F009F8C0B2082840F0EB
:104778008580BFE0F3B2032B00F29580042208463F
:10478800DFE803F002838086B8F80000042875D1BA
:10479800002080210A9001AA8DF82C00022306909F
:1047A800049040F20940099108F12401ADF8040091
:1047B80004A808910321B8F8064002F091FFC0B29E
:1047C80008285BD196E0B8F80000042856D10020EC
:1047D80014460A9080228DF82C000690049004A8B4
:1047E800099208F12402B8F80690089203F05FF8DD
:1047F800C0B2082842D18CB105EBC40604AC4FF016
:10480800000AD5E90001CA6821469047C0B20828C5
:1048180034D10835CDF818A0B542F2D104A803F078
:10482800AAF80A98802800F29C80C2E0B8F8000034
:10483800042823D1002080210A9014468DF82C00EA
:1048480006900490019004A8039001A8099108F12A
:104858002401B8F80690089103F035FAC0B2082888
:104868000CD1E60001AC002E75D0F5E802010A690A
:1048780021469047083EC0B20828F4D00CB0BDE8E5
:104888000007F0BD01F108000C22006828B93BE0E0
:1048980001F1100014220068B0B38A58B8F800106B
:1048A8000429EBD111E0D7F80C90D40064B3F5E8F3
:1048B80002014A464B6931469847083C0028F5D022
:1048C8000A46B8F800100429D8D18023002109939A
:1048D80008F12403089304AB0A918DF82C10069173
:1048E800049101461846B8F8064003F02FF9C0B203
:1048F8000828C3D10A98802833D80021A04238BF9D
:104908000446C8E92B145AE0B8F8000040F0020049
:104918000628B3D1D8F80C000921A8F800100068BF
:10492800BFF35F8FD0B398F81210012201F029FC71
:10493800D8F818000068BFF35F8F00281FBF98F8E9
:104948001E1001220CB0BDE800071CBFBDE8F040F6
:1049580001F017BC22E001A803F085FA0A98802824
:1049680027D9D8F80C000921A8F800100068BFF36F
:104978005F8F98B198F81210012201F002FCD8F864
:1049880018000068BFF35F8F40B198F81E1001222D
:1049980001F0F7FB0CB0BDE80007F0BD40F22C7049
:1049A80040F2C472C2F22000C2F22002222103F0B7
:1049B800A1FD0021484538BF8146C8E92B190120CF
:1049C800A8F800004046FFF77EFC0CB0BDE80007E1
:1049D800F0BDD4D4F0B503AF2DE9000F8FB00D466C
:1049E800D0F8DC10064607A8144601F09DFC96F89E
:1049F800E200BDF81C10032813D100294FF0000075
:104A080018BF032903D10FB0BDE8000FF0BD96F819
:104A1800E300042800F0A181042286F8E20086F869
:104A2800E320DFE801F01E032D231E00D6F8DC008A
:104A380001F090F900204FF4806186F8E40086F8D0
:104A4800E000A6F8E21030805CB105EBC404083D34
:104A580055F8080F69688969884705F10800A04278
:104A6800F6D100200FB0BDE8000FF0BD032186F895
:104A7800E30086F8E21000200FB0BDE8000FF0BD9B
:104A8800BDF81E00BDF82010BDF822200490084390
:104A980040EA020A069105925FEACA70039400F0A0
:104AA800DD800698C00748D03088013807282CD800
:104AB800DFE800F00415082B2B2B2B283046FFF7D6
:104AC80002FC3AE0F0680068BFF35F8F002800F04E
:104AD8004F81B17C002201F054FB052013E0B0693E
:104AE8000168BFF35F8F002900F042810020B27F88
:104AF80000900CA8012301F05CF99DF83000E0B9A2
:104B0800032000E00020308017E0F06809213180A0
:104B18000068BFF35F8F002800F02A81B17C012272
:104B280001F02FFBB0690068BFF35F8F002800F029
:104B38001F81B17F012201F024FB0598C0070AD12B
:104B48000498C00700F0888009A83146FFF72CFBBD
:104B58009DF82D006CE0F0680168BFF35F8F0029B5
:104B680000F0068106F124048020B27C00900CA895
:104B7800234601F012FA9DF8300018B19DF8310073
:104B880060B969E00D9A812A80F0FD800CA8214661
:104B980002F088FD9DF83900042818D1F068092131
:104BA80031800068BFF35F8F002800F0E180B17C9E
:104BB800012201F0E6FAB0690068BFF35F8F0028B0
:104BC80000F0D680B17F012201F0DBFA44E00C98B6
:104BD8000290F068BDF838809DF837909DF836B09F
:104BE800BDF834400068BFF35F8F002800F0C08034
:104BF800B17C002201F0C5FAB9F1000F00F08A80FB
:104C080002990420A6F80A8086F8099086F808B068
:104C1800F480C6F802103080ADF82C808DF82B9007
:104C28008DF82AB0ADF8284009914FEA1820039C66
:104C3800042811D09DF82B0040B180280CD109AB75
:104C4800304629462246FFF7C4FB05E009AB30464B
:104C580029462246FFF796FC2AF0010ABAF1000F0E
:104C6800029542D0039900294FD0029802250126C7
:104C780000EBC109A0F108080598444605420AD08E
:104C880054F8080F61688A6A3146904704F10800B1
:104C98004845F5D10DE0049805420AD0444654F839
:104CA800080F6168CA6A3146904704F10800484510
:104CB800F5D1069805420DD066F07F04C3465BF82F
:104CC800080FDBF804100A6B214690470BF1080027
:104CD8004845F4D12AEA050A5FEA0A4005D0701C63
:104CE8000F2E4FEA45050646C6D3039969B10298C7
:104CF80000EBC104A0F1080555F8080F6968C969F7
:104D0800884705F10800A042F6D101200FB0BDE8A0
:104D1800000FF0BD8CB1802C3FF640AF0020A6F804
:104D28000A80C6E92B0470720298C6F802000720B0
:104D380086F808B0F48030808EE70620ADF82C8025
:104D480030800020C6F8B0008DF82B00ADF82800A0
:104D580002988DF82AB0099067E740F6543040F67B
:104D6800E432C2F22000C2F220021C2103F0EEFA63
:104D780040F22C7040F2C472C2F22000C2F220024B
:104D8800222103F0B7FB40F634331046C2F2200369
:104D980080211A4603F0ADFFF0B503AF2DE9000FEF
:104DA80081B048F27C514FF0010CC2F20001BFF310
:104DB8005F8FD1E84F2FC1E843CF002BF9D1BFF364
:104DC8005F8F002A01BF48F20001C4F20D010022E2
:104DD800C4F22F0201BF02F5542C02F5502E02F541
:104DE8004C28A1F5004401BFA1F5003501F5F616E0
:104DF80001F5F413C0E9683601BFC0E96A54C0E997
:104E08006C8EC0E96EC101F5005E01BF01F58056E8
:104E180040F2040CC4F22E0C01F5021401BF0CF58B
:104E2800FE7501F5004300F5C07888E8380001BF39
:104E380000F5C67383E81210C0E9666EA1F5404C10
:104E480001BF01F5881E01F5861801F5841401F5E6
:104E5800821301BF01F5003602F51025C0E9585646
:104E680000F5B47501BF85E81A41C0F87CC1A1F509
:104E7800804C02F51C2E01BF02F5182802F51424F7
:104E8800A1F5E03301F5282601BF01F5EE15C0E9CB
:104E9800505600F5A47585E8184101BFC0E9562CA5
:104EA80002F5782802F5742902F5702401BF02F58D
:104EB8006C234CF2000CC4F2070C0CF5004601BF41
:104EC80001F5E03E01F58E15C0E9485EC0E94A618A
:104ED80001BF00F5987585E81802C0F83C8101F516
:104EE800482801BF01F5442901F5402A01F53C2B6A
:104EF80001F5382301BF01F5342401F5302501F50A
:104F08002C26C0E9406501BFC0E94243C0E944BA64
:104F1800C0E9469802F5302801BF02F52C2902F5B0
:104F2800282A02F5242B02F5861301BF02F5841402
:104F380002F5821502F58016C0E9386501BFC0E99F
:104F48003A43C0E93CBAC0E93E9801F5F01801BF00
:104F580001F59219A1F5503AA1F5403BA1F530337E
:104F680001BF01F5901401F58C1501F58A16C0E909
:104F7800306501BFC0E93243C0E934BAC0E93698A8
:104F880044F2000B01BFC4F2002B0BF500490BF5EE
:104F9800804A4FF0844801BF01F56C2601F568246A
:104FA80001F56425A1F5C03301BFC0E9283500F13A
:104FB800A80383E85009C0E92EA901BF01F56028BC
:104FC80001F5E61901F5E81AA1F5203601BF0BF540
:104FD800E03301F5582401F55425C0E9205401BFF8
:104FE80000F1880484E84804C0E9259EC0F89C8044
:104FF80001BFA1F5103E01F5FE1801F5001902F5F3
:10500800642A01BF02F5602302F55C2602F55825E3
:1050180001F5A03401BF00F1600B8BE87000C0E916
:105028001B3AC0E91D9801BFC0F87CE001F5803E3D
:1050380002F540480CF5804901BF01F5804A01F5A9
:10504800F21344F20806C4F2090601BF06F110057E
:1050580006F10804C0E91064C0E9125301BFC0E9B1
:1050680014A9C0E9168E0CF5C03E01F5103801BF31
:1050780001F5801901F57C2401F5782302F57C26D9
:1050880001BF02F54825C0E9085600F1280585E862
:10509800180201BFC0E90D81C0F83CE002F5442EBA
:1050A80002F50C2601BF01F5D21501F5242402F5FD
:1050B8004022A1F5803301BFA1F5A031C0E900135A
:1050C800C0E9022C103001BF80E8704001B0BDE893
:1050D800000FF0BD40F6F43040F69C42C2F22000CA
:1050E800C2F22002352103F005FA48F2481100689F
:1050F800C4F21F0105230A6863F303020A604168CA
:1051080041F00801416003217047F0B503AF4DF845
:1051180004BD0E4600211546044600F034FB28461F
:1051280040F2E24100F06BFA304600F02EFA40F20D
:10513800A4152146C2F2200500222846366800F050
:105148004AFAA81C2146002200F045FA281D2146EB
:10515800002200F040FAA81D2146002200F03BFA88
:1051680005F108002146002200F035FA05F10A0091
:105178002146002200F02FFA05F10C0021460022FA
:1051880000F029FA05F10E002146002200F023FA6A
:1051980005F110002146002200F01DFA05F1120069
:1051A8002146002200F017FA05F1140021460022DA
:1051B80000F011FA05F116002146002200F00BFA62
:1051C80005F118002146002200F005FA05F11A0041
:1051D8002146002200F0FFF905F11C0021460022BB
:1051E80000F0F9F905F11E002146002200F0F3F95C
:1051F80020684169890107D5416921F00071416141
:10520800204600F0B1FA20684169012221F060517E
:1052180041612068816962F30D318161204600F0A7
:10522800A3FA2068416941F000714161204600F00D
:105238009BFA4FF480503060642030604FF4005087
:1052480070603068002809D4306800285CBF306876
:10525800002803D43068B0F1FF3FF2DC2068012257
:10526800016962F302010161204600F07DFA2068BD
:10527800416921F4E0514161204600F075FA206847
:10528800816941F4402181612068416921F0007100
:105298004161204600F068FA206840F6B845C2F23D
:1052A80020050022416941F44071416128462146A8
:1052B80000F091F9A81C2146002200F08CF9281D65
:1052C8002146002200F087F9A81D2146002200F09F
:1052D80082F92068022640F6C8450022C2F220055D
:1052E800816B66F3D84181632068816B41F480212A
:1052F80081632846214600F06EF9A81C2146002249
:1053080000F069F9281D2146002200F064F9A81D63
:105318002146002200F05FF9206840F6AC450322E0
:10532800C2F22005816966F30511816120688169EF
:1053380062F39C61816128462146002200F04BF906
:10534800A81C2146002200F046F9281D214600220B
:1053580000F041F9A81D2146002200F03CF905F1B2
:1053680008002146002200F036F92068172240F292
:10537800AC35C2F22005C16962F30501C16120683C
:105388000022C16941F04001C1612846214600F070
:1053980022F9A81C2146002200F01DF9281D2146EB
:1053A800002200F018F9A81D2146002200F013F988
:1053B80005F108002146002200F00DF905F10A0068
:1053C8002146002200F007F905F10C0021460022D1
:1053D80000F001F905F10E002146002200F0FBF86B
:1053E800206840F6D045C2F220050322416A41F008
:1053F800400141622068416A66F30501416228461E
:10540800214600F0E8F8A81C2146032200F0E3F842
:10541800281D2146032200F0DEF8A81D214603229C
:1054280000F0D9F805F108002146032200F0D3F86E
:1054380005F10A002146032200F0CDF805F10C0021
:105448002146032200F0C7F805F10E002146032289
:1054580000F0C1F805F110002146032200F0BBF866
:1054680005F112002146032200F0B5F805F11400F9
:105478002146032200F0AFF805F116002146032269
:1054880000F0A9F805F118002146032200F0A3F85E
:1054980005F11A002146032200F09DF805F11C00D1
:1054A8002146032200F097F805F11E002146032249
:1054B80000F091F805F120002146032200F08BF856
:1054C80005F122002146032200F085F805F12400A9
:1054D8002146032200F07FF805F126002146032229
:1054E80000F079F805F128002146032200F073F84E
:1054F80005F12A002146032200F06DF805F12C0081
:105508002146032200F067F805F12E002146032208
:1055180000F061F805F130002146032200F05BF845
:1055280005F132002146032200F055F805F1340058
:105538002146032200F04FF805F1360021460322E8
:1055480000F049F805F138002146032200F043F83D
:1055580005F13A002146032200F03DF805F13C0030
:105568002146032200F037F805F13E0021460322C8
:1055780000F031F805F14000214603225DF804BB34
:10558800BDE8F04000F027B8FEE780B56F46006838
:105598004FF400514FF480524FF0400C4FF4803ECE
:1055A80000E0416103699B04FBD50369DB0401D476
:1055B8004261F7E70369B3F1FF3FF3DC0369DB03FB
:1055C80006D403695B0648BF80BDC0F814C0E9E78C
:1055D800C0F818E0E6E703784078096803F03F036D
:1055E80001EB83014000C0B20323D1F868C08340B7
:1055F80002FA00F02CEA030318438866704740F269
:105608002762914238BF0A46B2F5487F98BF4FF4E7
:105618004872A2F5487144F2AF7300688AB25A43DF
:10562800C368A1EB124189B2490801EB124123F08A
:105638001F0242EA1111C16004E00168B1F1FF3FA5
:10564800D8BF70470168002905D4016800295CBFEC
:1056580001680029F1D57047F0B503AF2DE9000BBB
:1056680044F2E043C4F21F031B68C3F30B2E4FEA56
:10567800135CE6451FBF0124C1F88841DBB24FF433
:105688007A781FBF03FB08F9ACEB0E04D1F89061E0
:1056980049F658651FBFCFF6FF7513FB085393FBF8
:1056A800F4F3C2EA06021FBFC1F8902180E80A405D
:1056B800C0F80C90BDE8000B18BFF0BD40F6945040
:1056C800C2F2200003F0BFFDB0B502AF054608687E
:1056D8000C4640F480300860086840F040000860DC
:1056E800222063F31340486040F26850C0F20C1067
:1056F800086240F29510C0F2B2004862DC20C0F2A5
:105708007A0088627D20C0F25800C8624B20C0F23F
:10571800400008632F20C0F22E004863886346F6D5
:105728002010C86040F6A31088604FF4C840C861D4
:105738004FF4C860886140F6C410C0F68040086124
:105748003F204861086820F003001043086008689B
:1057580020F480300860C86F4021281D03F0EDFF59
:1057680010202C606864B0BD006803E0816C0029DB
:1057780008BF7047816C29B1816C00291CBF816CFE
:105788000029F3D170470068426D22F003021143EB
:1057980041657047F0B503AF2DE9000FADF5057D04
:1057A8000DF1040980464FF40071484603F0C5FF27
:1057B80044F2B82A0DF5017BC2F2000A00246FF00A
:1057C8000F055646DAE96001CDE98301584682940F
:1057D800819602F05BFB0DF5017C09EB05001035A5
:1057E8000C369CE80E1001341030B5F5F87F80E8CF
:1057F8000E10E7D101A940464FF4007203F097FF5D
:105808000DF5057DBDE8000FF0BDF0B503AF4DF80F
:1058180004BD044690F834000D4608B1206829E01C
:1058280002F0B7FB064602F0A7FB2068F10721D17A
:10583800002801BF206A4FF0FF312160D0F84811DD
:1058480001BF21F0410165F3000165F38611C0F83D
:10585800481101BF2068013020605DF804BB04BF17
:10586800BDE8F04002F08ABB40F62460C2F2200096
:1058780002F02EFD002801BF206A4FF0FF312160A1
:10588800D0F8481101BF21F0410165F3000165F32B
:105898008611C0F8481101BF2068013020605DF80A
:1058A80004BB08BFF0BDDFE7F0B503AF4DF804BD9A
:1058B800044690F834000D4608B1206835E002F03F
:1058C80068FB064602F058FB2068F1072DD1002836
:1058D80055D14FF0FF3069002060E8B241EAD0119D
:1058E800A268C8B2824217D9E26901F00F011268B2
:1058F800BFF35F8F92B222FA01F1C9070CD0A169F8
:10590800814242D9616900EB800001EB8000806828
:10591800016821F0005101602068013020605DF8C5
:1059280004BBBDE8F04002F029BB40BB4FF0FF309C
:1059380069002060E8B241EAD011A268C8B2824288
:1059480017D9E26901F00F011268BFF35F8F92B2B5
:1059580022FA01F1C9070CD0A169814215D9616900
:1059680000EB800001EB80008068016821F00051A5
:1059780001602068013020605DF804BBF0BD40F68E
:105988002460C2F2200002F0A3FC41F28802C2F2B5
:10599800200202F0C2FDF0B503AF2DE9000782B086
:1059A80006683168002940F0EC8000F1040A0469B7
:1059B8004FF0FF3230469AE8220440F8042B0A7868
:1059C80062B34C78B268610041EAD411CBB29A4212
:1059D80011D9F26901F00F011268BFF35F8F92B21B
:1059E80022FA01F1C90706D0B169994240F2CF8085
:1059F80001200521BEE0F16A2B889942C0F0AE80F3
:105A0800CA1AB16A8A42C0F0A980F2629AF80010F4
:105A18000091214601F027FD2146AAE02178B268CD
:105A280041F001094FEA490343EAD111CBB29A4246
:105A380040F28C80F26901F00F011268BFF35F8FAA
:105A480092B222FA01F1C90700F08080B169994247
:105A580040F29D802178B26841F002094FEA49037B
:105A680043EAD111CBB29A4270D9F26901F00F0121
:105A78001268BFF35F8F92B222FA01F1C90765D0AD
:105A8800B169994240F283802178B26841F00309F4
:105A98004FEA490343EAD111CBB29A4256D9F26987
:105AA80001F00F011268BFF35F8F92B222FA01F181
:105AB800C9074BD0B169994269D92178B26841F0D8
:105AC80004094FEA490343EAD111CBB29A423DD9BE
:105AD800F26901F00F011268BFF35F8F92B222FAE8
:105AE80001F1C90732D0B169994250D92178B26819
:105AF80041F005094FEA490343EAD111CBB29A4272
:105B080024D9F26901F00F011268BFF35F8F92B2D6
:105B180022FA01F1C90719D0B169994237D9217818
:105B2800804641F00609494600F05FFF01464046BD
:105B380061B1207840F007094046494600F055FF1A
:105B48000146404611B10120032113E0F16A2B8878
:105B5800994203D3CA1AB16A8A4202D201200421A7
:105B680008E0F2629AF800100091494601F07BFCC7
:105B78004946002032680132326002B0BDE80007B1
:105B8800F0BD40F62460C2F2200002F0A1FB41F211
:105B980078021846C2F2200202F0BFFCB0B502AF8C
:105BA800044690F8340008B1206815E002F0F1F9D5
:105BB800054602F0E1F92068E9070DD1B8B94FF0C0
:105BC800FF302060201D01F0D5FC206801302060E6
:105BD800BDE8B04002F0D2B948B94FF0FF302060BC
:105BE800201D01F0C7FC206801302060B0BD40F6E0
:105BF8002460C2F2200002F06BFBB0B502AF88B09F
:105C080007F8221CA7F122010791A7F11F010691AD
:105C1800A7F11E01059190F83410D7E9024507F85D
:105C2800212CA7F1210207F8203C07F81F4C27F880
:105C38001E5CCDE9030221B103A8FFF7ACFE08B052
:105C4800B0BD02F0A6F9044602F096F903A8FFF7E2
:105C5800A2FEE20705D104460D4602F08FF9294657
:105C6800204608B0B0BDF0B503AF4DF804BD0446FA
:105C780090F834000D4608B1206823E002F089F955
:105C8800064602F079F92068F1071BD1002801BF08
:105C9800206A4FF0FF312160690601BF01F1807170
:105CA800C0F854112068013001BF20605DF804BBC2
:105CB800BDE8F04002F062B940F62460C2F220006C
:105CC80002F006FB002801BF206A4FF0FF31216077
:105CD800690601BF01F18071C0F8541120680130D4
:105CE80002BF20605DF804BBF0BDE5E7B0B502AFC8
:105CF800044690F8340008B120681DE002F049F924
:105D0800054602F039F92068E90715D1002801BFD6
:105D1800206AD0F840110022226001BF41F0010141
:105D2800C0F84011BDE8B04002F028B940F6246040
:105D3800C2F2200002F0CCFA002801BF206AD0F895
:105D480040110022226002BF41F00101C0F8401159
:105D5800B0BDEBE7B0B502AF044690F8340008B127
:105D6800206815E002F015F9054602F005F92068EB
:105D7800E9070DD1B8B94FF0FF302060201D00F0C1
:105D8800AFFD206801302060BDE8B04002F0F6B8F1
:105D980048B94FF0FF302060201D00F0A1FD2068B9
:105DA80001302060B0BD40F62460C2F2200002F04D
:105DB8008FFAF0B503AF2DE9000784B0814691F85A
:105DC8003400D7F8088016460D46E0B32868002846
:105DD80040F0D7804FF0FF3071002860F0B241EA00
:105DE800D011AA68C8B2824220D9EA6901F00F012D
:105DF8001268BFF35F8F92B222FA01F1C90715D07A
:105E0800A969814240F2C380291D700600F0928082
:105E180002A81A464346009601F053F99DF8080077
:105E2800002800F091809DF8090000E0052089F81D
:105E380001000120296889F80000481C286004B086
:105E4800BDE80007F0BD9A4602F0A3F8044602F048
:105E580093F82868E1072CD1002840F092804FF091
:105E6800FF3071002860F0B241EAD011AA68C8B2C8
:105E7800824249D9EB6901F00F011B68BFF35F8FBC
:105E88009BB223FA01F1C9073ED0A96981427ED9A4
:105E9800291D524670065CD002A84346009601F0C0
:105EA80010F99DF8080000285BD09DF809600124CE
:105EB8002CE0002865D14FF0FF3071002860F0B267
:105EC80041EAD011AA68C8B2824225D9EB6901F02B
:105ED8000F011B68BFF35F8F9BB223FA01F1C9075B
:105EE8001AD0A969814252D9291D524670063CD060
:105EF80002A84346009601F0E4F89DF80800E0B3D4
:105F08009DF80960012409E001240526286801306C
:105F1800286002F033F804E00124052628680130DF
:105F28002860F0B244EA0020C9E9000804B0BDE8DE
:105F38000007F0BD02A81A46434600F0B8FE9DF8D7
:105F4800080000287FF46FAF0398C9F80400002008
:105F580070E702A8434600F0AAFE9DF80800002852
:105F6800A3D1DDF80C800024D0E702A8434600F056
:105F78009EFE9DF808000028C2D1DDF80C800024A0
:105F8800CCE740F62460C2F2200002F0A1F941F209
:105F98007802C2F2200202F0C0FAF0B503AF2DE990
:105FA800000784B0814691F83400D7F80880164677
:105FB8000D46E0B32868002840F0D7804FF0FF3046
:105FC80071002860F0B241EAD011AA68C8B28242D2
:105FD80020D9EA6901F00F011268BFF35F8F92B20E
:105FE80022FA01F1C90715D0A969814240F2C3809C
:105FF800291D700600F0928002A81A4643460096B2
:1060080000F07FFF9DF80800002800F091809DF8BF
:10601800090000E0052089F801000120296889F8B5
:106028000000481C286004B0BDE80007F0BD9A468F
:1060380001F0AFFF044601F09FFF2868E1072CD16B
:10604800002840F092804FF0FF3071002860F0B2D5
:1060580041EAD011AA68C8B2824249D9EB6901F075
:106068000F011B68BFF35F8F9BB223FA01F1C907C9
:106078003ED0A96981427ED9291D524670065CD05E
:1060880002A84346009600F03CFF9DF8080000284F
:106098005BD09DF8096001242CE0002865D14FF001
:1060A800FF3071002860F0B241EAD011AA68C8B286
:1060B800824225D9EB6901F00F011B68BFF35F8F9E
:1060C8009BB223FA01F1C9071AD0A969814252D9B2
:1060D800291D524670063CD002A84346009600F09F
:1060E80010FF9DF80800E0B39DF80960012409E05D
:1060F8000124052628680130286001F03FFF04E0EC
:1061080001240526286801302860F0B244EA0020FE
:10611800C9E9000804B0BDE80007F0BD02A81A46A6
:10612800434600F085FC9DF8080000287FF46FAF17
:106138000398C9F80400002070E702A8434600F05D
:1061480077FC9DF808000028A3D1DDF80C80002416
:10615800D0E702A8434600F06BFC9DF80800002831
:10616800C2D1DDF80C800024CCE740F62460C2F2EE
:10617800200002F0ADF841F27802C2F2200202F0EB
:10618800CCF9F0B503AF4DF8048D044690F834000F
:106198000D46F0B12068002872D14FF0FF30690039
:1061A8002060E8B241EAD011A368C8B2834261D93D
:1061B800E36901F00F011B68BFF35F8F9BB223FAFD
:1061C80001F1C90756D0A16981425FD9201D114646
:1061D8004DE0904601F0DDFE064601F0CDFE206858
:1061E800F10728D100284BD14FF0FF306A0020601A
:1061F800E8B242EAD012A168D0B2814212D9E3696A
:1062080002F00F021B68BFF35F8F9BB223FA02F202
:10621800D20707D0A36983423ED9201D41462A46AA
:1062280001F039F82068013020605DF8048BBDE882
:10623800F04001F0A3BE18BB4FF0FF306A002060A9
:10624800E8B242EAD012A168D0B2814212D9E36919
:1062580002F00F021B68BFF35F8F9BB223FA02F2B2
:10626800D20707D0A369834216D94146201D2A4682
:1062780001F011F82068013020605DF8048BF0BD52
:1062880040F62460C2F2200002F022F841F27802BF
:10629800C2F2200202F041F941F278021946C2F234
:1062A800200202F03AF9F0B503AF4DF804BD0446F8
:1062B80090F8340028B120686FF00042904222D351
:1062C8002CE00E4601F065FE054601F055FE2068FB
:1062D800E90713D16FF0004188421FD201302060D6
:1062E800201D314601F064F8054620680138206019
:1062F80001F044FE28465DF804BBF0BD6FF0004194
:1063080088420BD2314601302060201D01F050F840
:106318002168013921605DF804BBF0BD40F61460C6
:10632800C2F2200001F0EEFFF0B503AF2DE900073F
:106338000C4691F8341079B12168002940F0958015
:10634800216A4FF0FF322260D1F8442153061AD453
:10635800D2072BD100213DE0064601F01AFE054682
:1063680001F00AFE2068E90712D100287DD1206AD1
:106378004FF0FF312160D0F844114A0631D4C907E3
:1063880039D1002531E04022C1F84421012121E022
:1063980000286AD1206A4FF0FF312160D0F84411FB
:1063A8004A0623D4C90740D1002523E00122C1F8B9
:1063B8004421D1F8BC21D1F8BC31D2B2C3F3074390
:1063C80022861E04C1F8BC6183804280D1F8AC11DA
:1063D800C180022122680180501C2060BDE80007AE
:1063E800F0BD40210125C0F8441118E040210125E5
:1063F800C0F844112DE001210225C0F84411D0F85D
:10640800BC11D0F8BC215FFA81F8C2F30749A4F89F
:1064180030804FEA0941C0F8BC11D0F8ACA120681F
:106428000130206001F0AAFD16E001210225C0F824
:106438004411D0F8BC11D0F8BC215FFA81F8C2F33E
:106448000749A4F830804FEA0941C0F8BC11D0F8D8
:10645800ACA1206801302060C9EA0A40706045EAB2
:1064680008403060BDE80007F0BD40F62460C2F285
:10647800200001F02DFFF0B503AF4DF8048D82B078
:1064880005468846EE680121006831607168F2614E
:1064980062F31E417160CAB1B06040F6FF71B06826
:1064A800884300F58050F060F0686FF30B0000F54A
:1064B8008050306130696FF30B0000F580507061D7
:1064C80070696FF30B0000F5805004E00020B060A5
:1064D800F06030617061B0618021706840F4004004
:1064E8007060706861F307007060009601F048FD05
:1064F8004EF670746846CEF2000420F01C0020604E
:1065080001F03EFD01F03FFDA8688660C16821F0FA
:10651800FF01C160019001F033FD01A820F01C00CB
:1065280020602030206001F02BFD01F02CFD95F952
:1065380010204FF47F01D8F800004FF48033B2F1F7
:10654800FF3F02F01F02C8BFFF21C8BF012303FAA3
:1065580002F21140C0F8B011D0F8B01159B1D0F81A
:10656800B01100291CBFD0F8B011002903D0D0F811
:10657800B0110029F0D102B05DF8048BF0BDD0E96C
:1065880000018C220968002808BF8422885840F03E
:10659800004088507047D0E900018C220968002823
:1065A80008BF84228858C00F7047D0E900018C22A8
:1065B8000968002808BF8422885820F000408850C5
:1065C8007047D0E900018C220968002808BF84229E
:1065D800885840F0804088507047D0E900028C23EA
:1065E8001268002808BF8423D05820F0807040EA41
:1065F8000160D0507047D0E900028823002808BF06
:1066080080236FF07F401268814238BF0846012816
:1066180098BF01200138D0507047D0E900014FF0F1
:10662800007209680028D1F8441108BF4FF0807241
:1066380011EA020018BF01207047D0E900014FF0AD
:1066480000720968002808BF4FF08072C1F8442121
:106658007047D0E900024FF000731268002808BFA5
:106668004FF080736FF00070D2F848C108BF6FF028
:106678008070002900EA0C0018BF1843C2F84801CE
:106688007047D0E900014FF0007209680028D1F87E
:10669800481108BF4FF0807211EA020018BF0120AC
:1066A8007047F0B503AF4DF804BD84B00168022906
:1066B80005D10023184604B05DF804BBF0BDC268DC
:1066C800002A1CBFD0E904329A4261D101AD844648
:1066D80000292CCD4CF8102FCCE9013540D0D0E959
:1066E800011291423CD2C26A00F1180E022401251F
:1066F80003E0D0E90113994232D24B1C436041F0C8
:106708008003C9B2446141EA032101830021C560C5
:1067180003E0D0E904138B42EBD04B1CCCF80030DB
:106728001EF8011056684B0043EAD111CBB29E42C5
:10673800EFD9966901F00F013668BFF35F8FB6B2E3
:1067480026FA01F1C907E4D0516999427AD9116949
:1067580003EB830301EB8303197C4906D9D0A9E72E
:1067680001AEC569002346CE002DC3608CE8460003
:106778001CBFD0E908128A4235D101AE46CEC0E925
:106788000926C0E90731184604B05DF804BBF0BD1E
:10679800C26A00F1180503E0D0E90431994220D01B
:1067A800591C0161E95C54684B0043EAD111CBB232
:1067B8009C42F1D9946901F00F012468BFF35F8FFF
:1067C800A4B224FA01F1C907E6D05169994239D92E
:1067D800116903EB830301EB8303197C4906DBD0C2
:1067E80068E7016872E7C26A00F1280503E0D0E9AA
:1067F80008168E42C1D04E1C0662695C56684C0071
:1068080044EAD1115FFA81FC6645F0D9966901F036
:106818000F013668BFF35F8FB6B226FA01F1C907D8
:10682800E5D05169614514D911690CEB8C0601EB6F
:1068380086010E7C7606DAD00B46184604B05DF861
:1068480004BBF0BD41F288021846C2F2200201F0F2
:1068580064FE41F288026046C2F2200201F05DFE49
:1068680080B56F46D0E9072E4FF0004C4FF08043BB
:10687800CEF834C0CEF838C0CEF838300023CEF881
:1068880000300223C2F84031D2F840319B070CD5C2
:10689800D2F840319B0744BFD2F840315FEA837396
:1068A80003D5D2F840319B07EED44FF0000C0A23F1
:1068B800C2F840C10029C2F8A831D2F8843123F0C7
:1068C800807308BF03F18073C2F88431D2F8441191
:1068D8000068C2F84411C2F848C1C2F8580180BD26
:1068E800B0B502AF9AB00446C069D0F8B811C0F884
:1068F800B811D0F8BC11C0F8BC11D0F87811C0F8A4
:1069080078110021C0F87C11D0F8B01159B1D0F835
:10691800B01100291CBFD0F8B011002903D0D0F85D
:10692800B0110029F0D14FF0FF31C0F8B411D0F800
:10693800B41159B1D0F8B41100291CBFD0F8B41162
:10694800002903D0D0F8B4110029F0D10020082183
:10695800CDE9060101210C9008900390019001A84F
:1069680000F11005109405912846FFF79AFEF8B13A
:10697800017C11F07F00F7D0082811901AD2013855
:10698800E26949B2B1F1FF3FC0B26FF40C0102EB0A
:106998008000D0F8C421C8BF6FF08C0101EA020161
:1069A8004FF40022C8BF08221143C0F8C411DBE726
:1069B8001AB0B0BD002040F6F47116900220139072
:1069C80040F67470C2F22000C2F220011290012039
:1069D800159018A8149046F6E370C0F200001990BC
:1069E80011A8189012A801F074FD02464368C8B2B5
:1069F800490041EAD011C8B2834217D9936901F01E
:106A08000F011B68BFF35F8F9BB223FA01F1C9071F
:106A18000CD05169814284BF0120704780B56F4610
:106A280041F27802C2F2200201F077FD002070479F
:106A3800F0B503AF2DE9000F83B080464868002801
:106A48001FBF88690068BFF35F8F5FEAC07005D118
:106A580040F6A860C2F2200001F06EFC48690028E8
:106A680000F01D8151F81C4F9A460125BAF1080F14
:106A780051F80C0CD4F8AC3190F9106006F01F0CEA
:106A880005FA0CF56ED32B406CD0D0F808C0C4F8CA
:106A9800AC51D4F8406146F40056C4F84061DCE9D2
:106AA8000A56D4F840319B0425D4D4F8403143F435
:106AB8000053C4F84031DCE90A56D4F840319B044D
:106AC8005FBFD4F8403143F40053C4F84031DCE9E7
:106AD8000A565CBFD4F840315FEA83430BD4D4F83C
:106AE800403143F40053C4F84031DCE90A56D4F885
:106AF80040319B04CDD5D4F8403123F40053C4F879
:106B0800403190F910C0D4F8B8315660BCF1000F8C
:106B180015600CF01F024FF0010648BF1B0C964091
:106B280033401B0614D14FF48033BCF1FF3FC8BF7C
:106B380001234FF47F0603FA02F2C8BFFF26324052
:106B4800C4F8782182681268C2F30A42FFF793FCFE
:106B58000820C8F80400002088F8000003B0BDE849
:106B6800000FF0BDC3685B6813F0680F01D0072001
:106B780008E0D4F8B831002E48BF1B0C2B401B0688
:106B880009D0002088F80100012088F8000003B02F
:106B9800BDE8000FF0BDB6F1FF3F4FF480364FF46B
:106BA8007F03CDF80880C8BF0126C8BFFF2306FAB7
:106BB8000CF63340C4F8BC314FF4803E90F91030E5
:106BC8004FF47F05B3F1FF3F03F01F03C4BFFF2558
:106BD8004FF0010E0EFA03F32B40C4F87831C66863
:106BE800D0E9013EDEF800507468F669C5F30A453D
:106BF800554538BFAA46C4F30E45761BB24528BF93
:106C0800B2469A4528BF9A46BAF1000F36D0D0F856
:106C180000B00AF00305BAF1040F01D200261EE005
:106C280040F2FC730AEA030902F101080026019503
:106C38000BEB06041BF8065008EB060394F801C09A
:106C480008F806C00436B14594F802C003F8015CA0
:106C580083F801C0E5789D70EAD1019DB3446DB118
:106C68009BF80030012D935508D032449BF8013031
:106C7800022D53701CBF9BF802309370DEF8002081
:106C8800C2F30A42FFF7F7FBDDF808800020C8F8D6
:106C980004A088F8000003B0BDE8000FF0BD41F281
:106CA80088020020C2F22002002101F036FCF0B573
:106CB80003AF2DE9000F87B04E68022EC0F00D819A
:106CC800D1F818A0DAF80060BFF35F8FB60740F17B
:106CD80004814D69012D40F20681D1F810B0DBF82E
:106CE8002060766816F0680F01D0072112E09BF843
:106CF800246051F81C9F06F01F0C75B20126D9F8C4
:106D0800B84106FA0CF6002D48BF240C264036067A
:106D180007D0002141700121017007B0BDE8000FC4
:106D2800F0BD4FF480344FF47F060590B5F1FF3F76
:106D3800C8BF0124C8BFFF2604FA0CF52E40C9F8C5
:106D480078610BF11400DBE906563668C6F30A468B
:106D58009E4238BF3346AB4228BF2B46002B0693D2
:106D68006BD0D0F8008003F00306042B039002D206
:106D78000020C64624E0CDF8109040F2FC7003EAEB
:106D8800000E02F101090020CDE9016A09EB0005B6
:106D980019F8004008EB000615F801CC95F801A099
:106DA800AD7808F800C004308645747086F802A0F3
:106DB800F570EBD1DDF8109008EB000EDDE9016A03
:106DC80004916EB1115C012E8EF8001008D01044A9
:106DD800022E41788EF801101CBF80788EF80200D0
:106DE800581E012101EB501505F0030401F0C8F805
:106DF800069A4EF6707028F01F01CEF20000612A44
:106E08000FD325F0030201F120030160036001F1B3
:106E18004003036001F16003043A01F1800103605B
:106E2800F1D1002C1CBF0160012C4ED101F0A8F853
:106E380001F0A9F8069BDDE903011A460D46FFF7A4
:106E48001AFBDAF80000BFF35F8FC00753D09BF836
:106E58001000D9F8B83100F01F0142B20120884073
:106E6800002A48BF1B0C18400006059825D1B2F12E
:106E7800FF3F4FF48032C8BF01224FF47F0602FA69
:106E880001F1C8BFFF263140C9F8BC119BF91010A9
:106E98004FF480304FF47F030022B1F1FF3F01F03F
:106EA8001F01C4BFFF230120884029461840C9F8A4
:106EB80078015846FFF7DFFA0598069941600021E6
:106EC800017007B0BDE8000FF0BD01F120020260BB
:106ED800022C1CBF40310160A8E740F6B860C2F23E
:106EE800200001F029FA41F288020120C2F22002B2
:106EF800294601F012FB40F6C860C2F2200001F0FA
:106F08001BFAF0B503AF2DE9000F83B08446387A39
:106F18004D68460046EAD016F0B2854240F2C48079
:106F28008D6906F00F062D68BFF35F8FADB225FAA5
:106F380006F6F60700F0B880D1F814E0864540F26E
:106F4800B9800E6900EB800006EB8000C6687668A1
:106F580016F0680F01D0072012E0057C8E4651F824
:106F68001C9F05F01F0A6CB20125D9F8B86105FA13
:106F78000AF5002C48BF360C35402D0609D00020F4
:106F88008CF8010001208CF8000003B0BDE8000F68
:106F9800F0BDBEF82C6004F00F05EE40F607EED009
:106FA8004FF480354FF47F06CDF808C0B4F1FF3FA9
:106FB800C8BF0125C8BFFF2605FA0AF52E40C9F843
:106FC800BC614FF4803C90F910604FF47F04B6F137
:106FD800FF3F06F01F06C4BFFF244FF0010C0CFA58
:106FE80006F62640C9F87861C568D0E9016EDEF872
:106FF8000040D5F804C0ED69C4F30A449C4238BF88
:107008002346CCF30E442D1BAB4228BF2B46B3427C
:1070180028BF3346B3B3D0F800A003F00304042B11
:1070280001D200261FE0019440F2FC7403EA04092F
:1070380002F1010B00260AEB06041AF806500BEBC6
:10704800060C94F801800BF806800436B14594F8D4
:1070580002800CF8015C8CF80180E4788CF802401E
:10706800E9D1019CB2446CB19AF80050012C9555B5
:1070780008D032449AF80150022C55701CBF9AF877
:1070880002609670DEF800201C46C2F30A42FFF741
:10709800F2F9DDF808C00020CCF804408CF80000B4
:1070A80003B0BDE8000FF0BD40F6D860C2F2200082
:1070B80001F042F941F288027146C2F2200201F061
:1070C8002CFAF0B503AF2DE9000F81B03E7A4D6878
:1070D800740044EAD616F4B2A54240F2CE808D6917
:1070E80006F00F062D68BFF35F8FADB225FA06F6DE
:1070F800F60700F0C280D1F814C0A44540F2C3805E
:107108000E6904EB840506EB850BDBF80C607668EA
:1071180016F0680F01D0072112E09BF8105051F8C3
:107128001CCF05F01F0E6CB20125DCF8B86105FA1A
:107138000EF5002C48BF360C35402D0607D000212F
:1071480041700121017001B0BDE8000FF0BD009051
:107158004FF48030B4F1FF3FC8BF01204FF47F04E3
:1071680000FA0EF0C8BFFF242040CCF87801DBE914
:1071780001063668C6F30A469E4238BF3346834244
:1071880028BF0346002B63D0DBF8008003F0030C14
:10719800042B02D2002640461BE040F2FC7003EAB2
:1071A800000E02F10109002609EB060519F806A0F0
:1071B80015F8014C6878AD7808F8064008EB060425
:1071C8000436B64584F801A0A070E570ECD108EB50
:1071D80006008946BCF1000F0CD0915DBCF1010F8F
:1071E800017007D09119BCF1020F4A7842701CBF98
:1071F80089788170581E01219A4601EB501404F0D9
:10720800030600F0BDFE4EF6707028F01F01CEF2A6
:107218000000BAF1610F52460FD324F0030201F1C6
:1072280020030160036001F14003036001F1600382
:10723800043A01F180010360F1D1002E1CBF016006
:10724800012E12D100F09CFE00F09DFE53464946E7
:1072580058461A461C46FFF70EF90098002144606C
:10726800017001B0BDE8000FF0BD01F1200202601D
:10727800022E1CBF40310160E4E740F6E860C2F22C
:10728800200001F059F841F288022046C2F220029B
:10729800614601F042F9B0B502AF8AB00346D0F8B2
:1072A80004C0D0B2540044EAD01E5FFA8EF0844580
:1072B80056D99C690EF00F0C2468BFF35F8FA4B2F7
:1072C80024FA0CF4E4074BD0D3F814C084454DD904
:1072D8001C6900EB800004EB800090F810C00CF0F3
:1072E8007F040194082C48D24FFA8CF503F11C0C4A
:1072F80005F03F03002DDCF800E00EEB8303D3F824
:10730800C04108D424F001040C4452B2002AC3F846
:10731800C04109D518E024F4803461F3104452B216
:10732800002AC3F8C0410FD471B9DEF8B81101239F
:1073380090F91020002A02F01F0248BF090C03FA36
:1073480002F21140090601D00AB0B0BD816809688F
:10735800C1F30A4261460AB0BDE8B040FFF78BB8F6
:1073680040F6F860C2F2200000F0E6FF41F2880221
:107378006146C2F2200201F0D0F8002040F6F47114
:1073880006900220039040F67470C2F22000C2F208
:10739800200102900120059008A8049046F6E370A9
:1073A800C0F20000099001A8089002A801F091F825
:1073B80080B56F468AB0CBB2490041EAD311426822
:1073C800CBB29A4227D9826901F00F011268BFF344
:1073D8005F8F92B222FA01F1C9071CD04169994224
:1073E8001FD9016903EB830201EB8201097C01F0DB
:1073F8007F020192082A1BD249B2C06901F03F02FC
:10740800002900EB8200D0F8C00148BF000C00F052
:1074180001000AB080BD40F60870C2F2200000F0FA
:107428008BFF41F278021846C2F2200201F075F88B
:10743800002040F6F47106900220039040F6747024
:10744800C2F22000C2F2200102900120059008A893
:10745800049046F6E370C0F20000099001A8089075
:1074680002A801F036F8F0B503AF2DE9000B844609
:107478004668C8B24D0045EAD014E0B2864265D9E4
:10748800DCF8189004F00F04D7F80880012606FAF3
:1074980004FEBFF35F8F59E8006F46EA0E0449E81F
:1074A8000045002DF7D116EA0E0FBFF35F8F4DD1BF
:1074B800DCF80CE086454FD9DCF814E0864552D953
:1074C800DCF800E086011C46B3F5806F5EF80650D4
:1074D80045F000554EF806505EF8065028BF4FF4A8
:1074E80080646FF31A4545EA04444EF806405FEAA3
:1074F80008655EF8064024F400494CB24D4608BFC2
:1075080005F50045B4F1FF3FD8BF4D46DCF808400B
:10751800DCF810C04EF8065045010126665104EB10
:107528004014656825F0FF05656000EB80050EEBEB
:1075380080104CF825200CEB850282F8118011741C
:10754800C2E90130D460BDE8000BF0BD40F6187008
:10755800C2F2200000F0F0FE41F298027146C2F239
:10756800200200F0DAFF41F2A8027146C2F22002BE
:1075780000F0D3FFF0B503AF2DE9000F99B08046B6
:107588000F9000F11C04684600F110054FF0000B45
:107598004FF008094FF0010ACDF82CB0CDF81CB017
:1075A800CDE905B9CDF810A0CDF808B0CDF800B0F8
:1075B80009E001F00F0122F00C0242EA810141F0DA
:1075C800C001C0F8C4112846FFF76BF8D8B1027C97
:1075D80012F07F01F7D00829109148D24E1E53B2FD
:1075E8002268B3F1FF3F417CF0B202EB8000D0F893
:1075F800C421DEDC22F44C0242EA814141F440011C
:10760800C0F8C411DFE7CDF83C80CDF82CB0CDE947
:10761800069BCDE904ABCDF808B0CDF800B009E081
:10762800B1F1FF3F06DD81680968C1F30A422146CE
:10763800FEF721FF2846FFF734F8A0B1017C11F0CE
:107648007F0249B2ECD0082A109210D2013A23687E
:107658000029D2B203EB8202D2F8C421EAD412F094
:107668008001E0D1E6E719B0BDE8000FF0BD0020C9
:1076780040F6F47115900220129040F67470C2F230
:107688002000C2F2200111900120149017A8139035
:1076980046F6E370C0F20000189010A8179011A8E1
:1076A80000F017FF082A16D10A784B78B1F802C003
:1076B8004968C0F8021002F08001C17102F01F0190
:1076C80083710429A0F800C028BF04210172C2F305
:1076D80041114172704701210170042141727047C4
:1076E800F0B503AF2DE90007D0E9058A04460AF191
:1076F8000200404518D80AF58076B045354638BFAF
:10770800454686422BD32E1A9E420DD3264624691F
:107718008946114620441A461D4602F00AF8A81C5C
:107728000AEB0001414503D90220BDE80007F0BD7E
:10773800C2451BD204F80A000AF1010040453FBFC8
:1077480004F80090B1610820BDE8000738BFF0BD1B
:1077580041F250124146C2F2200200F0DEFE41F230
:1077680030122946C2F2200201F0E2FA41F2401238
:107778005046C2F22002414600F0CFFEF0B503AFFA
:107788002DE9000F87B00D690A46D1F800808E6890
:10779800002D18BF0325B8F1000F18BF4FF00108DE
:1077A800002E18BF0126D0E9051C0CF1020E8E45EB
:1077B80004D9022007B0BDE8000FF0BD0CF58073B6
:1077C80099421C4638BF0C4673455AD3A4EB0E03A6
:1077D800102B04D2022007B0BDE8000FF0BD7400E2
:1077E80092F821300294012692F820400394D47F25
:1077F8000693B2F818B00494947F538B4FEA1B2A6F
:10780800928B0594D0F81090140A01941C0A0094E5
:107818004FF4047429F80E4009EB0E04A272009A82
:10782800E673029E6272069A6673019E6271039AFB
:10783800E6720CF1120622718E42049AE270059AE1
:10784800A57384F80C80237284F807A084F806B026
:10785800A27004D9022007B0BDE8000FF0BD8C4526
:1078680017D20CF1010312228B4209F80C2017D20F
:1078780001218661082009F8031007B0BDE8000F50
:10788800F0BD41F230127046C2F22002214601F0EA
:107898004FFA41F240126046C2F2200200F03DFE6B
:1078A80041F250121846C2F2200200F036FEF0B53E
:1078B80003AF4DF804BD91F82550012291F823300B
:1078C80091F8226091F82440002BD0E9051E0EF1B2
:1078D800020305770EF10405C0E900256FF03F05A6
:1078E80008BF6FF07F058B421AD80EF5807291425F
:1078F800944638BF8C469A422ED3ACEB0302072A33
:107908000ED345EA441204694FF08075E5502344CC
:107918005A7100221A710EF109028A429E7103D926
:1079280002205DF804BBF0BD8E451DD2092304F882
:107938000E300EF101038B423FBF0221E1548261F8
:1079480008203CBF5DF804BBF0BD41F25012184658
:10795800C2F2200200F0E1FD41F230121846C2F2F4
:107968002002614601F0E4F941F240127046C2F289
:10797800200200F0D2FD4169032981BF01698069B5
:107988004880704780B56F4641F260120420C2F209
:10799800200201F0AEF9F0B503AF2DE9000B8E46D9
:1079A800017F91B3D0E9051C0CF102048C421CD86C
:1079B8000CF58076B142354638BF0D46A64228D32D
:1079C8002D1B062D11D305690026D7E9028905F874
:1079D80004E02C4462700CF108028A42667184F853
:1079E800049084F80380A37003D90220BDE8000B3B
:1079F800F0BD8C4515D2082305F80C300CF10103B5
:107A08008B4215D20B218261E9540820BDE8000B96
:107A1800F0BD41F230122046C2F22002294601F0A0
:107A280087F941F240126046C2F2200200F075FD6B
:107A380041F250121846C2F2200200F06EFD80B5E5
:107A48006F4684B0D7F808E0944600220292CDE948
:107A5800003E634600F002F804B080BDF0B503AF05
:107A68002DE9000B8C46110601D0416909E0016837
:107A7800D1B3446841698C425AD20669355D0135F3
:107A88003555D0F818E04FF00108D7E904490EF150
:107A98000405002CC0E9028508BFA1460EF10204C6
:107AA8008C421DD80EF58075A9422E4638BF0E4669
:107AB800A54235D3351B072D12D30569D7E90286B0
:107AC80005F804C02C4462700EF10902E37000232B
:107AD8008A4284F80690667184F80480A37007D9F6
:107AE8000220BDE8000BF0BD0720BDE8000BF0BD8B
:107AF8008E4524D2092305F80E300EF101038B427E
:107B08003FBF0421E954826108203CBFBDE8000B57
:107B1800F0BD41F250121846C2F2200200F0FDFCFE
:107B280041F230122046C2F22002314601F000F93B
:107B380041F270122046C2F2200200F0EEFC41F23F
:107B480040127046C2F2200200F0E7FCF0B503AF25
:107B58002DE9000F83B00B460546D0E90510861CB9
:107B68008E4204D9022003B0BDE8000FF0BD884260
:107B780080F09C802C6900F1010E00268E45265469
:107B880080F09A8003EB020B221802F1020C029596
:107B9800032600254FF0000804F80E6001944419EC
:107BA800B8F1000F04F1020E05D04FF000099A4613
:107BB8008E4537D35BE05B455ED09A461AF9012BB8
:107BC800B2F1FF3F5FFA82F926DC5E7809F01F0800
:107BD800B9F1E00F06F03F061AD39A78B9F1F00F21
:107BE80002F03F0242EA86162ED3DA7802F03F020C
:107BF80042EA861208F0070642EA8649B9F5881F64
:107C08003AD003F1040A0022B2EB194F04D023E062
:107C180046EA881903F1020A1FFA89F84FF00009A9
:107C28008E4524D2231D1EF1030F30D88B4236D83F
:107C38002CF805800235C84653464419B8F1000FA0
:107C480004F1020EB1D1B6E746EA083903F1030A96
:107C58000022B2EB194FDFD009F57F02372363F317
:107C68009F294FF4584343EA92288E45DAD30220DD
:107C780003B0BDE8000FF0BD019AA91C1154029889
:107C8800C0F818E0082003B0BDE8000FF0BD41F2CD
:107C9800A0127046C2F22002194601F049F841F2DA
:107CA800A0121846C2F2200201F023F841F2801215
:107CB800C2F2200200F031FC41F290127046C2F28A
:107CC800200200F02AFCD0B502AF82680123D2E975
:107CD800051E0EF10404C0E900340EF102038B42C4
:107CE80016D80EF58074A142A44638BF8C469C4233
:107CF80030D3ACEB0304032C0AD3D2F810C0002411
:107D08002CF8034063449C700EF105048C4201D9A1
:107D18000220D0BD8E4525D205230CF80E300EF179
:107D280001038B423FBF0F210CF80310946141F20D
:107D3800B0123FBFC2F2200202210423BDE8D040A6
:107D480038BF00F016B841F250121846C2F22002AD
:107D580000F0E3FB41F230121846C2F220026146FD
:107D680000F0E6FF41F240127046C2F2200200F035
:107D7800D4FBF0B503AF4DF804BD0568D5B1D0E923
:107D880001067469A04242D2346903F1030EBEF1C0
:107D9800FF0F255C05F1010525549EBFD6E905C0F6
:107DA80000EB0E0565454FF0020408D920465DF842
:107DB80004BBF0BD072420465DF804BBF0BD604558
:107DC8002CD23569441C05F800E0D6F814C0644587
:107DD8002BD2D6F810C010250CF80450841CD6F805
:107DE80014C0644529D2356903302955C4182CD2EA
:107DF80071698C4230D83169084411461A4601F03D
:107E080098FCB461082420465DF804BBF0BD41F23B
:107E1800BC122146C2F2200200F07FFB41F2CC12D4
:107E28006146C2F2200200F078FB41F2DC12C2F295
:107E380020022046614600F070FB41F2EC12C2F2CB
:107E480020022046614600F068FB41F2FC12214600
:107E5800C2F2200200F06CFF41F2FC122046C2F28E
:107E6800200200F046FF826800230360516903295D
:107E780081BF106991694180704780B56F4641F2B2
:107E88000C220420C2F2200200F033FF01464068B1
:107E980020283FBF896801EB40104FF48051002231
:107EA8003FBF425000F58050828082713FBFC2714F
:107EB8008260C26002613FBF8282C2828261828325
:107EC8003CBFC283704780B56F4641F290222021A3
:107ED800C2F2200200F021FB4EF21000CEF20000A8
:107EE8000068C00348F28850C2F200000AD5BFF308
:107EF8005F8F50E8001F013140E80012002AF8D1D6
:107F0800BFF35F8F006870474EF604504FF08061F2
:107F1800CEF20000016070474EF21000CEF2000071
:107F28000068C00358BF704748F28850BFF35F8F9E
:107F3800C2F2000050E8001F013140E80012002A98
:107F4800F8D1BFF35F8F7047014641F2A020C2F21B
:107F58002000704700477047D0B502AF00F019F80D
:107F6800012121EA000400F007F82046D0BD0028CE
:107F780008BF704700F002B872B6704762B6704723
:107F8800BFF34F8F7047BFF36F8F7047EFF30880D1
:107F98007047EFF31080704780F3118870470068CE
:107FA80000F0F0B980B56F4690B0029044F24040BE
:107FB800C2F200000021D0E84F2FC0E8431F002B79
:107FC800F9D172B348F29450C2F20000006840B38D
:107FD800002040F6C041079001200490C2F2200121
:107FE800069009A8059045F6EF40C0F200000391FD
:107FF8000A9002A8099041F23030C2F2200000F045
:1080080043F941F2B0210F900D20C2F220010E90E9
:108018000BAACDE90B1003A80D910121002300F054
:10802800CCF800F000F880B56F4648F248100521FA
:10803800C4F21F004BF2004301603821C0F8F01170
:108048004CF26C00C4F20A0041F6004E01684EF68C
:10805800004CC0F2C443C0F64E6E21F00801016026
:108068004CF28400C2F2601CC4F21B0050F8801C61
:1080780041F0080140F8801C082101601A46013AC5
:10808800FDD141601A46013AFDD101601A46013A14
:10809800FDD141601A46013AFDD101601A46013A04
:1080A800FDD141607246013AFDD101607246013A44
:1080B800FDD141601A46013AFDD101607246013A8C
:1080C800FDD141601A46013AFDD101607246013A7C
:1080D800FDD141607246013AFDD101601A46013A6C
:1080E800FDD141601A46013AFDD101601A46013AB4
:1080F800FDD141601A46013AFDD101601A46013AA4
:10810800FDD141606246013AFDD1B6E7006841F20F
:108118006C32C2F220020B4652F8301002EBC0005B
:108128004268184600F08EBC0020704770477047C0
:1081380080B56F4648F2905E4FF0010CC2F2000E17
:108148005EE8003F7BB94EE800C2002AF8D1BFF3D1
:108158005F8F4FF0010CBCF1000F0BD1012B22D027
:108168008CF0010080BD4FF0000CBFF32F8FBCF1E5
:10817800000FF3D044F24442C2F20002C2E9000107
:108188000220BFF35F8FCEF800008CF0010080BDA5
:1081980010BFDEF80000012802BF10BFDEF80000A3
:1081A8000128DDD110BFDEF80000012802BF10BF92
:1081B800DEF800000128D3D1EAE7F0B503AF2DE9D6
:1081C800000F97B0002B05914BD1D2E9009A44F2E9
:1081D800444ED2E90263C2F2000E126901680491AA
:1081E80041680291D0E9028BD0E90451D2E90040FC
:1081F800D2F808C048F29052C2F200021268019206
:10820800BFF35F8FCDE90C4002981290049811904B
:1082180005980E9000200B90CDE907C00120CDE90C
:108228001551069041F240300199C2F22000DEE972
:10823800002E03920229CDE90963CDE9138BCDE91C
:108248000F9A08BF7046026941F29C30C2F22000C2
:10825800039908BF084606A9904717B0BDE8000F64
:10826800F0BD01210020079141F2E831C2F220015E
:108278000A9009900420069141F26441089006A8EA
:10828800C2F2200100F025F9704746F6C66041F6B3
:10829800C76141F6F4524DF64073C7F28E00C0F242
:1082A800B751CAF20332C5F634137047D1E9050253
:1082B80041F27441D368C2F220010B221847D1E978
:1082C800050241F27F41D368C2F220010E2218470D
:1082D80080B56F468AB001460020059001200290C3
:1082E80041F2A042049007A8039046F20F00C0F2A2
:1082F8000000C2F220020890781E079001A801929F
:1083080000F0E7F880B56F468AB001460020059076
:108318000120029041F2C442049007A8039045F658
:10832800FD70C0F20000C2F220020890781E07908B
:1083380001A8019200F0CDF880B56F46024641F2DF
:10834800CD40C2F220002B2100F0D4F880B56F4652
:108358008AB0CDE90001002006900120039040F684
:10836800C041059008A8049047F2D900C0F2000067
:10837800C2F2200109906846089002A802911146AD
:1083880000F0A7F8F0B503AF2DE9000F8DB0D1E9E3
:1083980005B841F21051D8F80C900646C2F22001F7
:1083A8000C225846C84720B101200DB0BDE8000F87
:1083B800F0BD41F2F8420021F068C2F220020591B6
:1083C8000321019200F10C02029107AC049146F6D8
:1083D800E371C0F200010394CDE90A1201AA0C91DD
:1083E80000F10801099147F2D901C0F20001CDE975
:1083F80007015846414600F0D9F820B101200DB0D8
:10840800BDE8000FF0BD41F2CC415846C2F2200150
:108418000122C847014601200029C6D1D6F808A084
:10842800BAF1000F1AD041F21C515846C2F220018D
:108438000122C847014601200029B6D1204622461C
:108448009AE87A1080E87A105846414600F0AEF86B
:1084580018B301200DB0BDE8000FF0BDD6E90050FB
:10846800C1682846884741F67136CBF68B167140AD
:1084780044F27816C5F2A6767040084301BF45F667
:108488006D50CDF2CB60504045F22C0102BFC6F2D0
:10849800EB31594050EA010004D000200DB0BDE88E
:1084A800000FF0BD41F21C515846C2F220010122D2
:1084B800C8470146012000297FF477AFD5E90012AB
:1084C8005846C8470028E8D001200DB0BDE8000F85
:1084D800F0BD80B56F4686B0CDE9030141F220506A
:1084E8000122C2F22000CDE9012001A8ADF8142034
:1084F800FFF758FD80B56F4688B094460122019277
:1085080006AA0023CDE906010092042268466146C6
:10851800049303930292FFF7DCFF80B56F468CB09B
:10852800CDE9000100200690022041F24451039059
:10853800059008A8C2F22001049046F6E370029163
:10854800C0F200006946CDE9090111460B9001A867
:10855800089002A8FFF7BDFF80B56F468EB08DE882
:108568000F00002041F25851089002200590C2F2F5
:10857800200107900AA8069047F2D100C0F2000037
:10858800D7F808C00D9002A80C9047F2D900C0F2A5
:10859800000004910B9068460A9004A86146FFF712
:1085A80098FF0246D1E9050100F000B8F0B503AF25
:1085B8002DE9000F8DB0032316698DF83030202384
:1085C80008930023002ECDE90A130990069304931B
:1085D80067D05069002800F08D80D2F800A04101D2
:1085E800D2F808B0013820F078404FF000084FF07A
:1085F800000901300292039101900AEB09014A68CF
:108608003AB1DDE909030968DB689847002840F0BA
:10861800828006EB0800036906EB8900D0E9022195
:10862800057F846908938DF830500B9472B1012A44
:1086380003D10BEBC1014A683AB1002256F8083061
:10864800CDE90421022B08D10EE00968012256F871
:108658000830CDE90421022B06D04168012B06D150
:108668000BEBC1014A680AB1002201E00968012246
:108678004369079106920BEBC3015BF833004B6823
:1086880004A99847002846D1039808F1200809F161
:1086980008094045B1D1DDE901B2506883452ED3C0
:1086A8003EE0D06830B3C600013820F060409468DE
:1086B800D2F8009000F1010B0DF110089246002548
:1086C80009EBC5014A682AB1DDE909030968DB68D5
:1086D800984700BB04EBC50154F835004A68414689
:1086E8009047C0B90135083EEAD1524650688345E3
:1086F80005D315E04FF0000B5068834510D212687F
:108708005E46DDE90901CB6852F83B1002EBCB026B
:108718005268984720B101200DB0BDE8000FF0BDA8
:1087280000200DB0BDE8000FF0BDD4D4F0B503AF04
:108738002DE9000F87B0D7F80C901C461546002984
:1087480052D0D0F81CB02B221BF0010108BF4FF407
:10875800881201EB090AD7F808805FEA4B714DD5FA
:10876800102C059280F07880002C00F0AB8004F08B
:10877800030CA2084FF0000100F0A68002F00302EB
:10878800CDF8108005F10108CDE90249A1EB820E70
:108798006FF00302069508EB0205043295F90330E1
:1087A80095F9064095F9056013F1410F95F90450C4
:1087B800C8BF01310EEB020315F1410FC8BF0131EB
:1087C80016F1410FC8BF013114F1410FC8BF013183
:1087D8000433E0D1DDF810800432069DDDE902495A
:1087E800BCF1000F74D18BE0D0F81CB009F1010A7C
:1087F8002D22D7F808805FEA4B71B1D400250168B3
:10880800002900F083800695CDF81080D0F8048008
:10881800D04512D95FEA0B7126D490F82010A8EB46
:108828000A030592CA46A3469946DFE801F0990271
:10883800930249464FF0000992E02146D0E90546E7
:1088480000913146069B204600F0D8F8B0B30120CD
:1088580007B0BDE8000FF0BD06462846214600F0E7
:1088680086FA014630464BE03021D0F810B0234656
:108878000161012190F82050D0E9054680F82010C8
:108888003146039000932046069B00F0B7F8014656
:1088980001200029DCD10695A8EB0A00DDF810803C
:1088A800451C013D4BD032692046302190470028B5
:1088B800F7D0012007B0BDE8000FF0BDF3682046EF
:1088C800049935E000211BE00022BCF1000F17D00D
:1088D800AB5613F1410FC8BF0131BCF1010F0FD0E6
:1088E8002A4492F9013013F1410FC8BF0131BCF19C
:1088F800020F05D092F9022012F1410FC8BF0131D1
:10890800059A8A44016800297FF47DAF2146D0E9A1
:108918000546009131462B46204600F06FF820B1FD
:10892800012007B0BDE8000FF0BDF36820464146BE
:108938004A4607B0BDE8000FBDE8F0401847F368A5
:10894800204641464A469847B8B3012007B0BDE8DB
:10895800000FF0BD09F101024FEA59014FEA52092F
:10896800D0E904644D1CD0F81880013D0BD0D8F82C
:1089780010202046314690470028F6D0012007B045
:10898800BDE8000FF0BDCDF800B02046DDE90523B5
:10899800414600F033F820B1012007B0BDE8000FD0
:1089A800F0BDD8F80C30204604995246984778B163
:1089B800012007B0BDE8000FF0BD0398069980F8C4
:1089C8002010C0F810B0002007B0BDE8000FF0BDBF
:1089D8000025A94509D0D8F81020204631469047EF
:1089E80001350028F5D0691E00E0494600204945B8
:1089F80038BF012007B0BDE8000FF0BDF0B503AFE8
:108A08004DF8048DD7F808801C460E46B2F5881F2D
:108A18000AD033691146054698470146284619B1D8
:108A280001205DF8048BF0BD3CB1F3682146424655
:108A38005DF8048BBDE8F040184700205DF8048B12
:108A4800F0BDD4D4F0B503AF2DE9000F81B088464E
:108A5800D0F800C081685CEA010302D1D0E90501C1
:108A6800E3E0002969D0C66808EB02034FF0000A6A
:108A78004546F6B99D4260D095F90010B1F1FF3F27
:108A880004DCCBB2E02B28BFF02B42D2BAF1000FA6
:108A980036D0924533D218F90A1011F1400F2FDA67
:108AA80000232EE0A51CAAEB0401013E01EB050AF8
:108AB800E0D09D4241D02C4615F9011BB1F1FF3F92
:108AC800F1DCCDB2E02DEDD3F02D16D3617805F0B1
:108AD800070594F8039001F03F0EA17801F03F01DB
:108AE800890141EA0E3E09F03F01714441EA85419E
:108AF800B1F5881F21D0251DD5E7E51CD3E7CFD1D7
:108B08004346002B0CBF92469846BCF1000F18D183
:108B180088E0AE7803F00703697806F03F06ED7841
:108B280001F03F01B60146EA013105F03F06314444
:108B380041EA8341B1F5881FA8D19246BCF1000FE4
:108B480070D0D0F80490BAF1100F35D2BAF1000FF6
:108B58003AD00AF0030C5FEA9A034FF0000135D0CF
:108B680003F0030308F1010B6FF00305A1EB830E7B
:108B78000BEB0502043592F9033092F9064092F99D
:108B8800056013F1410F92F90420C8BF013112F1B9
:108B9800410FC8BF013116F1410FC8BF013114F1AF
:108BA800410F0EEB0502C8BF01310432E0D12B1D85
:108BB800BCF1000F0ED126E005464046514600F0B4
:108BC800D6F8014628461EE000211CE00023BCF12F
:108BD800000F18D018F9032012F1410FC8BF013156
:108BE800BCF1010F0FD0434493F9012012F1410F5A
:108BF800C8BF0131BCF1020F05D093F9022012F170
:108C0800410FC8BF013189450CD990F82020A9EB44
:108C180001090021DFE802F01702111749464FF059
:108C2800000910E0D0E905015246CB68414601B081
:108C3800BDE8000FBDE8F040184709F101024FEA0E
:108C480059014FEA5209D0E904B44E1C8569013E26
:108C580006D02A692046594690470028F7D005E0F3
:108C6800EB68204641465246984720B1012001B0A2
:108C7800BDE8000FF0BD0026B14508D02A6920469E
:108C88005946904701360028F6D0711E00E0494643
:108C98000020494538BF012001B0BDE8000FF0BDF4
:108CA800D0E90503DB6818470B46014610461A460B
:108CB800FFF7C8BE80B56F468CB0CDE90001002033
:108CC80041F2646106900220C2F2200103900590EF
:108CD80008A8029101A9049046F6E370C0F20000CA
:108CE800CDE9090111460B906846089002A8FFF7E4
:108CF800F0FB80B56F468CB0CDE90001002041F251
:108D0800746106900220C2F220010390059008A821
:108D1800029101A9049046F6E370C0F20000CDE983
:108D2800090111460B906846089002A8FFF7D1FB8D
:108D380080B56F468CB0CDE90001002041F2A861F2
:108D480006900220C2F220010390059008A8029123
:108D580001A9049046F6E370C0F20000CDE90901CC
:108D680011460B906846089002A8FFF7B2FBF0B5D1
:108D780003AF2DE9000F82B08146033020F0030ACB
:108D8800AAEB090841450AD3A1EB080E5FEA9E0C3D
:108D980005D00EF00302CA455AD10020A0E089B3DD
:108DA80001F0030C8A084FF0000030D0A0EB820ECF
:108DB80009F101066FF003057319043593F90310DF
:108DC80093F9064093F9052011F1410F93F9043006
:108DD800C8BF01300EEB050113F1410FC8BF0130C8
:108DE80012F1410FC8BF013014F1410FC8BF013063
:108DF8000431E1D12A1DBCF1000F0CD102B0BDE84D
:108E0800000FF0BD002002B0BDE8000FF0BD002249
:108E1800BCF1000FF2D019F9021011F1410FC8BFCF
:108E28000130BCF1010FE9D04A4492F9011011F167
:108E3800410FC8BF0130BCF1020FDFD092F9021018
:108E480011F1410FC8BF013002B0BDE8000FF0BDFD
:108E5800A9EB0A0010F1040F02D90020002523E035
:108E680009F1010B00206FF003060BEB060595F9DD
:108E7800034095F9063095F9051014F1410F95F95D
:108E88000450C8BF013015F1410FC8BF013011F1BE
:108E9800410FC8BF013013F1410FC8BF013016F1AF
:108EA800080506F10406E0D1CA4519D019F90510DC
:108EB80011F1410FC8BF0130B8F1010F10D009EB13
:108EC800050191F9013013F1410FC8BF0130B8F124
:108ED800020F05D091F9021011F1410FC8BF0130FE
:108EE80009EB08040023C2B12EF00301214491F9D3
:108EF800006016F1410FC8BF0123012A0DD091F976
:108F0800016016F1410FC8BF0133022A05D091F95B
:108F1800021011F1410FC8BF013318446FF00F0957
:108F280012E04FF000083FFA88F23FFA98F31A442B
:108F3800ACEB0B0C0AEB8B041BF0030102EB0242B7
:108F480000EB124040F04E81BCF1000F3FF456AFE9
:108F5800BCF1C00FE34628BF4FF0C00BA246BCF1DE
:108F6800040FDED309EB8B010122302902EB111229
:108F780007D24FF00008544612F0030E40F0B980B3
:108F8800D1E722F003094FF0000854460092CDF8CB
:108F980004A094E80E04B9F10409A6696FEA010E69
:108FA8004FEADE1545EA91116FEA020521F0FE311C
:108FB8004FEAD51545EA9212414422F0FE320A449E
:108FC8006FEA03014FEAD11545EA931323F0FE3304
:108FD80025691A446FEA0A034FEAD313616943EA21
:108FE8009A13D4F8388023F0FE33D4F83CE01A44BE
:108FF8006FEA05034FEAD31343EA9513E56923F0B3
:10900800FE331A446FEA01034FEAD31343EA91117E
:1090180021F0FE31236A11446FEA06024FEAD212A8
:1090280042EA9612666A22F0FE3211446FEA05029D
:109038004FEAD21242EA9512A56A22F0FE32114492
:109048006FEA03024FEAD21242EA9312E36A22F06D
:10905800FE3211446FEA06024FEAD21242EA961231
:10906800266B22F0FE3211446FEA05024FEAD21253
:1090780042EA9512656B22F0FE3204F14004114475
:109088006FEA03024FEAD21242EA931222F0FE324A
:1090980011446FEA06024FEAD21242EA961222F00F
:1090A800FE3211446FEA05024FEAD21242EA9512E3
:1090B80022F0FE3211446FEA08024FEAD21242EA65
:1090C800981222F0FE3211446FEA0E024FEAD212D1
:1090D80042EA9E1222F0FE3202EB01087FF459AFF9
:1090E800DDF804A06FF00F09009A12F0030E3FF4A8
:1090F8001AAF94E84C00BEF1010FE5686FEA02016F
:109108004FEAD11141EA92116FEA03024FEAD212F3
:1091180021F0FE3142EA9312414422F0FE3211441A
:109128006FEA06024FEAD21242EA961222F0FE32A3
:1091380011446FEA05024FEAD21242EA951222F070
:10914800FE3202EB01083FF4EEAE04F11005BEF169
:10915800020F2ECD6FEA01064FEAD61646EA9111A4
:109168006FEA020621F0FE314FEAD61646EA92125D
:10917800414422F0FE3211446FEA03024FEAD21250
:1091880042EA931222F0FE3211446FEA05024FEAD6
:10919800D21242EA951222F0FE3202EB01083FF4A5
:1091A800C2AE04F120064ECECD43ED0945EA911139
:1091B800D54321F0FE31ED0945EA9212414422F0EF
:1091C800FE321144DA43D20942EA931222F0FE3207
:1091D8001144F243D20942EA961222F0FE3202EB1F
:1091E8000108A0E60BF0FC0301295AF823206FEAD6
:1091F80002064FEAD61646EA921222F0FE3215D03F
:109208000AEB830302295E686FEA06054FEAD51563
:1092180045EA961626F0FE36324407D09968CB43C5
:10922800DB0943EA911121F0FE310A443FFA82F149
:109238003FFA92F2114401EB014100EB114002B0F8
:10924800BDE8000FF0BD80B56F4686B0014600202E
:1092580001220490019241F2D46203900420C2F2E8
:109268002002029068460092FFF733F980B56F46F6
:1092780086B00146002001220490019241F200725A
:1092880003900420C2F22002029068460092FFF781
:1092980020F9F0B503AF2DE9000F8DB0046841F255
:1092A800685042F2107E0D467445C2F220003DD34C
:1092B80041F259784EF2FF03A7F1430B0021CDF29A
:1092C800B71841F27B494FF0640AC0F2F553029592
:1092D800A4FB08250BEB010C04399C424FEA5532DC
:1092E80002FB1E451446AEB24FEA960606FB09F687
:1092F8004FEA564606FB1A5530F81660ACF823605C
:10930800ADB230F81550ACF82550E1D8029D01F106
:1093180027031446632C0CD821460A291BD330F89E
:1093280011009A1EA7F1430188521AE02723632CE3
:10933800F2D9A1B241F27B428908023B514364222F
:10934800A7F14306490C01FB124292B230F81220F1
:10935800F2520A29E3D241F030005A1EA7F1430124
:109368008854C2F12700114401220023CDE90010DE
:1093780028460121FFF7DAF90DB0BDE8000FF0BD6E
:10938800D0E90002D26810470B46D0E9001218460F
:10939800FFF758BB00F09FB8042A18D3B0B502AF46
:1093A800A2F1040E012303EB9E0313F0030414D06F
:1093B8008C4603465CF8045B012C43F8045B15D12A
:1093C800184661467246BEF10C0F21D208E08C4661
:1093D800034618466146FFF7DDBFBEF10C0F17D2F2
:1093E800BDE8B04018466146FFF7D4BF4B68022C71
:1093F800436003D1083A0831083004E08B680C3A1E
:1094080083600C310C3003468C46BEF10C0FE7D359
:109418000B68103A0360032A4B6843608B688360CB
:10942800CB6801F11001C36000F11000F0D88C4640
:109438000346BDE8B04018466146FFF7ABBF0B4690
:1094480011461A4600F0EBB8D2B2042938BFFFF72C
:10945800F6BFD0B502AF4FF00133A1F1040E53436C
:10946800012404EB9E0414F003040AD08446012C62
:109478004CF8043B0DD160467146BEF10C0F19D271
:1094880002E0BEF10C0F15D2BDE8D0406046FFF7F0
:10949800D6BF022C436006D1083908308446BEF195
:1094A8000C0F07D2F0E783600C390C308446BEF10C
:1094B8000C0FE9D31039C0E90033C0E9023310308A
:1094C8000329F7D88446BDE8D0406046FFF7B7BF08
:1094D8000022FFF7B9BFF0B503AF2DE90007102A46
:1094E80063D3434213F0030400EB040C16D0034685
:1094F8000E46357803F8015B63450FD2757803F89B
:10950800015B63453EBFB57803F8015B634505D24F
:10951800F578043603F8015B6345EAD3A2EB040E41
:1095280001EB04092EF003080CEB08035FEA8971CC
:109538003ED0B8F1010F54DB182129F0030201EAEB
:10954800C90A4FEAC90102F108054942126801F047
:10955800180655F8041C22FA0AF201FA06F4224306
:109568004CF8042B9C453CD22A6821FA0AF102FAED
:1095780006F421434CF8041B9C453FBF696822FA56
:109588000AF201FA06F422433CBF4CF8042B9C452E
:1095980027D2AA6821FA0AF1103502FA06F4214303
:1095A8004CF8041B9C45D4D31BE00346F2B933E0C6
:1095B800B8F1010F15DB4C4621684CF8041B9C459B
:1095C8000FD261684CF8041B9C453EBFA1684CF85B
:1095D800041B9C4505D2E16810344CF8041B9C45DB
:1095E800EAD309EB08010EF00302AAB11A440E7877
:1095F80003F8016B93420FD24E7803F8016B934244
:109608003EBF8E7803F8016B934205D2CE780431C1
:1096180003F8016B9342EAD3BDE80007F0BDD0B56B
:1096280002AF102A35D3434213F0030E00EB0E0CA1
:109638000FD0034603F8011B63453FBF03F8011B26
:10964800634503F8011B634503D203F8011B634517
:10965800F0D3A2EB0E0E2EF003020CEB0203012A4C
:1096680013DBCAB24FF0013462434CF8042B9C451B
:109678000BD24CF8042B9C453CBF4CF8042B9C4562
:1096880003D24CF8042B9C45EFD30EF0030212B919
:1096980012E0034682B11A4403F8011B93420BD22D
:1096A80003F8011B93423CBF03F8011B934203D20A
:1096B80003F8011B9342EFD3D0BD002A04BF00205A
:1096C8007047F0B503AF2DE9000BA2F1010EC2F10E
:1096D800000C0023CC5CC55CA54224D19E451ED05D
:1096E80001EB030800EB030998F8014099F80150D1
:1096F800A54218D10CEB0306B41C10D098F8024010
:1097080099F80250A5420ED1F41C08D098F80340ED
:1097180099F80350A54206D104339A42DAD10020C1
:10972800BDE8000BF0BD281BBDE8000BF0BDFFF73E
:1097380033BEFFF72FBEFFF7C0BFFFF7C9BE7046A5
:109748000421084203D1EFF3088000F004B8EFF3D6
:08975800098000F000B8FEE7F3
:109760002F686F6D652F6C756E612F2E7A692F7063
:109770006C7567696E732F727573742D746F6F6C6F
:10978000636861696E2F72656769737472792F738C
:1097900072632F696E6465782E6372617465732ECF
:1097A000696F2D366631376432326262613135302D
:1097B0003031662F696D7872742D757362642D3047
:1097C0002E322E322F7372632F6275732E727300D6
:1097D000000020206F000000F30000001F000000C8
:1097E000456E64706F696E74207374617465206176
:1097F0006C72656164792061737369676E65642F4B
:10980000686F6D652F6C756E612F2E7A692F706C85
:109810007567696E732F727573742D746F6F6C63D7
:109820006861696E2F72656769737472792F7372DC
:10983000632F696E6465782E6372617465732E6937
:109840006F2D3666313764323262626131353030C5
:1098500031662F696D7872742D757362642D302EA8
:10986000322E322F7372632F6472697665722E7294
:10987000730000009F0020207200000054000000D0
:109880002E0000006661696C656420746F20616C55
:109890006C6F6320636F6E74726F6C20656E6470A2
:1098A0006F696E740A0000000A0000000E000000DC
:1098B00010000000160000000F0000000B00000068
:1098C0000C000000456E64706F696E74206D656DEC
:1098D0006F727920616C726561647920617373695C
:1098E000676E6564696E646578206F7574206F6655
:1098F00020626F756E64733A20746865206C656EC3
:109900002069732001080104050304080409040AFE
:10991000040B010D000F020D0306010F0606050FD3
:10992000050E06009F002020720000005A00000073
:10993000120000002F686F6D652F6C756E612F2E01
:109940007A692F706C7567696E732F727573742DD9
:10995000746F6F6C636861696E2F72656769737489
:1099600072792F7372632F696E6465782E637261EA
:109970007465732E696F2D366631376432326262D8
:10998000613135303031662F7573622D64657669CB
:1099900063652D302E322E392F7372632F627573EB
:1099A0002E727300D40120206F000000DE00000042
:1099B0000E000000D40120206F000000B400000061
:1099C00024000000D40120206F000000AE00000041
:1099D00012000000D40120206F000000AB00000046
:1099E00020000000D40120206F000000C200000011
:1099F0002400000000000000010000000100000041
:109A0000650800002F686F6D652F6C756E612F2ED5
:109A10007A692F706C7567696E732F727573742D08
:109A2000746F6F6C636861696E2F726567697374B8
:109A300072792F7372632F696E6465782E63726119
:109A40007465732E696F2D36663137643232626207
:109A5000613135303031662F7573622D64657669FA
:109A600063652D302E322E392F7372632F64657625
:109A70006963652E72730000A4022020720000004A
:109A80005B0000000E000000A40220207200000015
:109A9000520000000E000000616C6C6F635F657027
:109AA000206661696C656400D40120206F000000AD
:109AB000040100000E000000D40120206F0000000F
:109AC000160100000E000000576F756C64426C6F49
:109AD000636B50617273654572726F724275666630
:109AE00065724F766572666C6F770000456E6470C4
:109AF0006F696E744F766572666C6F7772616E67B0
:109B00006520656E6420696E64657820050C000E22
:109B10000006010C03010303050D0607456E647082
:109B20006F696E744D656D6F72794F766572666C94
:109B30006F77496E76616C6964456E64706F696EAB
:109B400074556E737570706F72746564496E76616A
:109B50006C696453746174656C6F676765722061CA
:109B60006C7265616479207365740000680320205D
:109B7000720320207C0320208C032020BC032020A3
:109B8000D2032020E1032020EC0320202F686F6DFA
:109B9000652F6C756E612F2E7A692F706C756769F1
:109BA0006E732F727573742D746F6F6C6368616957
:109BB0006E2F72656769737472792F7372632F6980
:109BC0006E6465782E6372617465732E696F2D36CD
:109BD0006631376432326262613135303031662F3E
:109BE000727469632D6D6F6E6F746F6E6963732D20
:109BF000312E352E302F7372632F7379737469632E
:109C00006B2E72732C042020780000008800000066
:109C1000410000002829696D7872742D6C6F6754BB
:109C200068652074696D6572207175657565206958
:109C300073206E6F7420696E697469616C697A65EE
:109C40006420776974682061206D6F6E6F746F6E29
:109C500069632C20796F75206E65656420746F20B0
:109C600072756E2060696E697469616C697A65608D
:109C7000BF042020510000002F686F6D652F6C75A8
:109C80006E612F2E7A692F706C7567696E732F72F3
:109C90007573742D746F6F6C636861696E2F726574
:109CA0006769737472792F7372632F696E64657854
:109CB0002E6372617465732E696F2D366631376459
:109CC00032326262613135303031662F72746963CD
:109CD0002D74696D652D312E332E302F7372632FE5
:109CE0006C69622E72730000180520206E0000005F
:109CF000DC0000000D000000180520206E000000B0
:109D0000DA0000003D000000180520206E00000071
:109D1000CD0000003900000063616C6C6564206058
:109D2000526573756C743A3A756E77726170282952
:109D300060206F6E20616E206045727260207661D7
:109D40006C756500000000000000000001000000CC
:109D5000330900007372632F6D61696E2E72730098
:109D6000F40520200B000000410000001800000056
:109D7000000000000C000000040000008708000044
:109D8000F40520200B000000390000004C0000000A
:109D900048656C6C6F2066726F6D20796F757220EC
:109DA0005465656E73792034212054686520636F93
:109DB000756E742069732000300620202700000093
:109DC0006669726D776172653A3A61707000000081
:109DD000F40520200B0000004C0000000D000000E6
:109DE0004865726527732061207761726E696E67BE
:109DF00020617420636F756E74200000800620203F
:109E00001A000000F40520200B0000004E000000A6
:109E10001100000048657265277320616E2065722D
:109E2000726F7220617420636F756E742000000081
:109E3000B406202019000000F40520200B000000CB
:109E40005100000011000000537461636B206F76B5
:109E50006572666C6F7720616674657220616C6CE8
:109E60006F636174696E67206578656375746F727E
:109E700073000000E806202029000000F4052020DF
:109E80000B00000015000000010000005573624245
:109E9000757320696E697469616C697A6174696F40
:109EA0006E206E6F7420636F6D706C6574652F68C3
:109EB0006F6D652F6C756E612F2E7A692F706C75C2
:109EC00067696E732F727573742D746F6F6C63682E
:109ED00061696E2F72656769737472792F7372632B
:109EE0002F696E6465782E6372617465732E696F75
:109EF0002D3666313764323262626131353030314D
:109F0000662F7573622D6465766963652D302E3218
:109F10002E392F7372632F656E64706F696E742EA5
:109F2000727300004E0720207400000051000000F2
:109F30000D0000000000000004000000040000000C
:109F400097170000CF120000611300002F686F6D9B
:109F5000652F6C756E612F2E7A692F706C7567692D
:109F60006E732F727573742D746F6F6C6368616993
:109F70006E2F72656769737472792F7372632F69BC
:109F80006E6465782E6372617465732E696F2D3609
:109F90006631376432326262613135303031662F7A
:109FA0007573622D6465766963652D302E322E39A6
:109FB0002F7372632F636F6E74726F6C5F70697052
:109FC000652E7273EC072020780000003E00000030
:109FD0001200000000100102005B205D3A200D0A13
:109FE00079082020010000007A08202001000000EC
:109FF0007B082020030000007E08202002000000D3
:10A000002F686F6D652F6C756E612F2E7A692F70BA
:10A010006C7567696E732F727573742D746F6F6CC6
:10A02000636861696E2F72656769737472792F73E3
:10A0300072632F696E6465782E6372617465732E26
:10A04000696F2D3666313764323262626131353084
:10A050003031662F696D7872742D6C6F672D302EDC
:10A06000312E322F7372632F6C6F672F66726F6E93
:10A0700074656E642E727300A008202077000000C3
:10A08000320000002100000000000000100000006D
:10A090000400000053160000BF16000095170000D2
:10A0A0000000000030000000040000004515000022
:10A0B000B9120000B312000041160000BD120000EA
:10A0C0002B1400006F130000B7120000B71200003D
:10A0D000B71200002F686F6D652F6C756E612F2EA3
:10A0E0007A692F706C7567696E732F727573742D32
:10A0F000746F6F6C636861696E2F726567697374E2
:10A1000072792F7372632F696E6465782E63726142
:10A110007465732E696F2D36663137643232626230
:10A12000613135303031662F696D7872742D7573F9
:10A1300062642D302E322E322F7372632F6275734C
:10A140002E727300740920206F000000F3000000DD
:10A150001F0000002F686F6D652F6C756E612F2ECC
:10A160007A692F706C7567696E732F727573742DB1
:10A17000746F6F6C636861696E2F72656769737461
:10A1800072792F7372632F696E6465782E637261C2
:10A190007465732E696F2D366631376432326262B0
:10A1A000613135303031662F7573622D64657669A3
:10A1B00063652D302E322E392F7372632F646573D1
:10A1C00063726970746F722E72730000F40920203C
:10A1D000760000005D00000025000000F40920204A
:10A1E000760000006500000009000000F40920204E
:10A1F000760000006600000009000000F40920203D
:10A20000760000003B0100001B0000002F686F6D0E
:10A21000652F6C756E612F2E7A692F706C7567696A
:10A220006E732F727573742D746F6F6C63686169D0
:10A230006E2F72656769737472792F7372632F69F9
:10A240006E6465782E6372617465732E696F2D3646
:10A250006631376432326262613135303031662FB7
:10A260007573622D6465766963652D302E322E39E3
:10A270002F7372632F636F6E74726F6C5F7069708F
:10A28000652E7273AC0A2020780000008500000063
:10A2900041000000AC0A2020780000004F000000C0
:10A2A00031000000AC0A202078000000CF00000040
:10A2B00033000000556E6B6E6F776E20737461749F
:10A2C00065206265666F72652073757370656E6474
:10A2D0002F686F6D652F6C756E612F2E7A692F70E8
:10A2E0006C7567696E732F727573742D746F6F6CF4
:10A2F000636861696E2F72656769737472792F7311
:10A3000072632F696E6465782E6372617465732E53
:10A31000696F2D36663137643232626261313530B1
:10A320003031662F7573622D6465766963652D30F3
:10A330002E322E392F7372632F6465766963652E12
:10A3400072730000700B202072000000B00000004B
:10A350001A000000617373657274696F6E20666124
:10A36000696C65643A202154414B454E2E737761E8
:10A370007028747275652C204F72646572696E67FF
:10A380003A3A536571437374292F686F6D652F6C6A
:10A39000756E612F2E7A692F706C7567696E732FD9
:10A3A000727573742D746F6F6C636861696E2F7250
:10A3B000656769737472792F7372632F696E646550
:10A3C000782E6372617465732E696F2D366631372E
:10A3D0006432326262613135303031662F746565C6
:10A3E0006E7379342D6273702D302E352E302F73AD
:10A3F00072632F626F6172642E727300290C2020C9
:10A4000072000000B1000000050000000106010A12
:10A41000000C010B000D0000020302040205060CF3
:10A420000100000000000000010001010102010321
:10A430000106010A000C010B000D010D000F020DB9
:10A44000030606000503050F050E020302050102BF
:10A4500001030303010C000E00060607050C0408A7
:10A460000409040A040B050103000706010801049E
:10A4700006062F686F6D652F6C756E612F2E7A69D9
:10A480002F706C7567696E732F727573742D746F8E
:10A490006F6C636861696E2F726567697374727936
:10A4A0002F7372632F696E6465782E6372617465B1
:10A4B000732E696F2D3666313764323262626131D4
:10A4C00035303031662F696D7872742D68616C2D6E
:10A4D000302E352E362F7372632F636869702F69A3
:10A4E0006D787274313078782F74656D706D6F6E21
:10A4F0002E727300120D20208100000092000000D7
:10A50000160000002F686F6D652F6C756E612F2E21
:10A510007A692F706C7567696E732F727573742DFD
:10A52000746F6F6C636861696E2F726567697374AD
:10A5300072792F7372632F696E6465782E6372610E
:10A540007465732E696F2D366631376432326262FC
:10A55000613135303031662F696D7872742D7573C5
:10A5600062642D302E322E322F7372632F62757318
:10A570002E727300A40D20206F000000E500000083
:10A580001B000000A40D20206F000000F30000005D
:10A590001F0000002F686F6D652F6C756E612F2E88
:10A5A0007A692F706C7567696E732F727573742D6D
:10A5B000746F6F6C636861696E2F7265676973741D
:10A5C00072792F7372632F696E6465782E6372617E
:10A5D0007465732E696F2D3666313764323262626C
:10A5E000613135303031662F696D7872742D757335
:10A5F00062642D302E322E322F7372632F64726993
:10A600007665722E72730000340E202072000000F6
:10A61000CC00000047000000340E20207200000033
:10A62000F400000045000000340E202072000000FD
:10A630000201000047000000340E202072000000DC
:10A640001201000037000000340E202072000000CC
:10A650002B01000037000000340E202072000000A3
:10A660004001000037000000340E2020720000007E
:10A67000520100000E000000340E20207200000085
:10A68000680100000E000000696E7465726E616CF6
:10A69000206572726F723A20656E7465726564200F
:10A6A000756E726561636861626C6520636F646575
:10A6B0003A20454E4450544354524C2072656769C9
:10A6C000737465722020646F65736E2774206578DB
:10A6D00069737400280F20203D000000650F2020C2
:10A6E0000E0000002F686F6D652F6C756E612F2E48
:10A6F0007A692F706C7567696E732F727573742D1C
:10A70000746F6F6C636861696E2F726567697374CB
:10A7100072792F7372632F696E6465782E6372612C
:10A720007465732E696F2D3666313764323262621A
:10A73000613135303031662F696D7872742D7573E3
:10A7400062642D302E322E322F7372632F72616C41
:10A750002E727300840F20206F000000250000007F
:10A76000160000002F686F6D652F6C756E612F2EBF
:10A770007A692F706C7567696E732F727573742D9B
:10A78000746F6F6C636861696E2F7265676973744B
:10A7900072792F7372632F696E6465782E637261AC
:10A7A0007465732E696F2D3666313764323262629A
:10A7B000613135303031662F696D7872742D757363
:10A7C00062642D302E322E322F7372632F737461B8
:10A7D00074652E72730000000410202071000000C8
:10A7E000BB0000001D0000000410202071000000CC
:10A7F000CD000000210000000410202071000000A6
:10A80000070100002100000004102020710000005A
:10A810000E010000210000002F686F6D652F6C7520
:10A820006E612F2E7A692F706C7567696E732F7247
:10A830007573742D746F6F6C636861696E2F7265C8
:10A840006769737472792F7372632F696E646578A8
:10A850002E6372617465732E696F2D3666313764AD
:10A8600032326262613135303031662F7573622D5C
:10A870006465766963652D302E322E392F737263CD
:10A880002F64657363726970746F722E7273000047
:10A89000B8102020760000005D00000025000000B8
:10A8A000B8102020760000006500000009000000BC
:10A8B000B8102020760000006600000009000000AB
:10A8C000B810202076000000A30000001100000056
:10A8D000B810202076000000040100001F000000D6
:10A8E000B810202076000000580100000900000088
:10A8F000B810202076000000590100000900000077
:10A90000B810202076000000620100001500000051
:10A9100000000000494E464F5741524EB8102020CB
:10A9200076000000930100001B000000B8102020FA
:10A93000760000009E01000009000000B8102020F1
:10A94000760000009F01000009000000B8102020E0
:10A9500076000000A001000009000000B8102020CF
:10A9600076000000A301000018000000B8102020AD
:10A9700076000000AC010000180000002F686F6D29
:10A98000652F6C756E612F2E7A692F706C756769F3
:10A990006E732F727573742D746F6F6C6368616959
:10A9A0006E2F72656769737472792F7372632F6982
:10A9B0006E6465782E6372617465732E696F2D36CF
:10A9C0006631376432326262613135303031662F40
:10A9D000696D7872742D646D612D302E312E312F9A
:10A9E0007372632F6368616E6E656C2E7273000004
:10A9F0001C12202072000000670000000A00000006
:10AA0000995C0000A55C0000A55C0000A75C00004C
:10AA10007465656E7379345F70616E69632F686FFA
:10AA20006D652F6C756E612F2E7A692F706C75674E
:10AA3000696E732F727573742D746F6F6C636861B8
:10AA4000696E2F72656769737472792F7372632FE1
:10AA5000696E6465782E6372617465732E696F2DFB
:10AA60003666313764323262626131353030316698
:10AA70002F7465656E7379342D70616E69632D3046
:10AA80002E322E332F7372632F6C69622E72730015
:10AA9000BD12202072000000C90000000D0000005F
:10AAA000000000000000000001000000795E0000CE
:10AAB0007D5E00007F5E00004F46464552524F5279
:10AAC0004445425547545241434500005813202005
:10AAD000030000005B13202005000000B8112020B7
:10AAE00004000000B41120200400000060132020A6
:10AAF0000500000065132020050000006B65792D1E
:10AB000076616C756520737570706F7274206973EF
:10AB1000206578706572696D656E74616C20616E18
:10AB200064206D75737420626520656E61626C656A
:10AB300064207573696E672074686520606B766049
:10AB400020666561747572659C1320204C000000BE
:10AB50002F686F6D652F6C756E612F2E7A692F705F
:10AB60006C7567696E732F727573742D746F6F6C6B
:10AB7000636861696E2F72656769737472792F7388
:10AB800072632F696E6465782E6372617465732ECB
:10AB9000696F2D3666313764323262626131353029
:10ABA0003031662F6C6F672D302E342E32322F737A
:10ABB00072632F5F5F707269766174655F6170693F
:10ABC0002E727300F0132020730000002D0000008F
:10ABD00009000000426F72726F774572726F7242A5
:10ABE0006F72726F774D75744572726F72616C72AD
:10ABF0006561647920626F72726F7765643A2000D4
:10AC00008D14202012000000616C7265616479204F
:10AC10006D757461626C7920626F72726F776564B2
:10AC20003A200000A81420201A0000003A63616C4A
:10AC30006C656420604F7074696F6E3A3A756E7718
:10AC4000726170282960206F6E206120604E6F6EE7
:10AC500065602076616C75650100000000000000F1
:10AC6000CC14202001000000CC14202001000000A2
:10AC700070616E69636B6564206174200A00000076
:10AC8000000000000000000001000000DB5F000089
:10AC9000206275742074686520696E646578206927
:10ACA00073200000840120202000000030152020A7
:10ACB000120000003A200000010000000000000027
:10ACC0005415202002000000303030313032303353
:10ACD000303430353036303730383039313031314A
:10ACE0003132313331343135313631373138313930
:10ACF0003230323132323233323432353236323728
:10AD0000323832393330333133323333333433350D
:10AD100033363337333833393430343134323433F3
:10AD200034343435343634373438343935303531D9
:10AD300035323533353435353536353735383539BF
:10AD400036303631363236333634363536363637B7
:10AD5000363836393730373137323733373437359D
:10AD60003736373737383739383038313832383383
:10AD70003834383538363837383838393930393169
:10AD8000393239333934393539363937393839394F
:10AD900072616E676520737461727420696E646598
:10ADA0007820206F7574206F662072616E67652051
:10ADB000666F7220736C696365206F66206C656EC8
:10ADC00067746820301620201200000042162020F0
:10ADD000220000009C0320201000000042162020CA
:10ADE00022000000736C69636520696E64657820D9
:10ADF00073746172747320617420206275742065AD
:10AE00006E647320617420008416202016000000F8
:10AE10009A1620200D000000617474656D70742016
:10AE2000746F20646976696465206279207A65723E
:10AE30006F000000B81620201900000060617379CF
:10AE40006E6320666E6020726573756D6564206147
:10AE50006674657220636F6D706C6574696F6E00E7
:08AE6000DC1620202300000095
:10AE680000000000000000000000000000000000DA
:10AE780000000000000000000000000000000000CA
:10AE880000000000000000000000000000000000BA
:10AE980000000000000000000000000000000000AA
:10AEA800000000000000000000000000000000009A
:10AEB800000000000000000000000000000000008A
:10AEC800000000000000000000000000000000007A
:10AED800000000000000000000000000000000006A
:10AEE800000000000000000000000000000000005A
:10AEF800000000000000000000000000000000004A
:10AF08000000000000000000000000000000000039
:10AF18000000000000000000000000000000000029
:10AF28000000000000000000000000000000000019
:10AF38000000000000000000000000000000000009
:10AF480000000000000000000000000000000000F9
:10AF580000000000000000000000000000000000E9
:10AF680000000000000000000000000000000000D9
:10AF780000000000000000000000000000000000C9
:10AF880000000000000000000000000000000000B9
:10AF980000000000000000000000000000000000A9
:10AFA8000000000000000000000000000000000099
:10AFB8000000000000000000000000000000000089
:10AFC8000000000000000000000000000000000079
:10AFD8000000000000000000000000000000000069
:10AFE80000800E4000C00E4001000000010000007B
:04AFF80040132020C2
:040000056000103156
:00000001FF
