:0200000460009A
:100000004643464200000156000000000101020084
:1000100000000000000000000000000000000000E0
:1000200000000000000000000000000000000000D0
:1000300000000000000000000000000000000000C0
:1000400000000000010403000000000000000000A8
:100050000000200000000000000000000000000080
:100060000000000000000000000000000000000090
:100070000000000000000000000000000000000080
:10008000EB04180A063204260000000000000000FD
:10009000050404240000000000000000000000002F
:1000A0000000000000000000000000000000000050
:1000B0000604000000000000000000000000000036
:1000C0000000000000000000000000000000000030
:1000D00020041808000000000000000000000000DC
:1000E0000000000000000000000000000000000010
:1000F0000000000000000000000000000000000000
:1001000000000000000000000000000000000000EF
:100110000204180804200000000000000000000095
:1001200000000000000000000000000000000000CF
:10013000600400000000000000000000000000005B
:1001400000000000000000000000000000000000AF
:10015000000000000000000000000000000000009F
:10016000000000000000000000000000000000008F
:10017000000000000000000000000000000000007F
:10018000000000000000000000000000000000006F
:10019000000000000000000000000000000000005F
:1001A000000000000000000000000000000000004F
:1001B000000000000000000000000000000000003F
:1001C000000100000010000001000000000000001D
:1001D000000000000000000000000000000000001F
:1001E000000000000000000000000000000000000F
:1001F00000000000000000000000000000000000FF
:10020000D4D4D4D4D4D4D4D4D4D4D4D4D4D4D4D4AE
:10021000D4D4D4D4D4D4D4D4D4D4D4D4D4D4D4D49E
:10022000D4D4D4D4D4D4D4D4D4D4D4D4D4D4D4D48E
:10023000D4D4D4D4D4D4D4D4D4D4D4D4D4D4D4D47E
:10024000D4D4D4D4D4D4D4D4D4D4D4D4D4D4D4D46E
:10025000D4D4D4D4D4D4D4D4D4D4D4D4D4D4D4D45E
:10026000D4D4D4D4D4D4D4D4D4D4D4D4D4D4D4D44E
:10027000D4D4D4D4D4D4D4D4D4D4D4D4D4D4D4D43E
:10028000D4D4D4D4D4D4D4D4D4D4D4D4D4D4D4D42E
:10029000D4D4D4D4D4D4D4D4D4D4D4D4D4D4D4D41E
:1002A000D4D4D4D4D4D4D4D4D4D4D4D4D4D4D4D40E
:1002B000D4D4D4D4D4D4D4D4D4D4D4D4D4D4D4D4FE
:1002C000D4D4D4D4D4D4D4D4D4D4D4D4D4D4D4D4EE
:1002D000D4D4D4D4D4D4D4D4D4D4D4D4D4D4D4D4DE
:1002E000D4D4D4D4D4D4D4D4D4D4D4D4D4D4D4D4CE
:1002F000D4D4D4D4D4D4D4D4D4D4D4D4D4D4D4D4BE
:10030000D4D4D4D4D4D4D4D4D4D4D4D4D4D4D4D4AD
:10031000D4D4D4D4D4D4D4D4D4D4D4D4D4D4D4D49D
:10032000D4D4D4D4D4D4D4D4D4D4D4D4D4D4D4D48D
:10033000D4D4D4D4D4D4D4D4D4D4D4D4D4D4D4D47D
:10034000D4D4D4D4D4D4D4D4D4D4D4D4D4D4D4D46D
:10035000D4D4D4D4D4D4D4D4D4D4D4D4D4D4D4D45D
:10036000D4D4D4D4D4D4D4D4D4D4D4D4D4D4D4D44D
:10037000D4D4D4D4D4D4D4D4D4D4D4D4D4D4D4D43D
:10038000D4D4D4D4D4D4D4D4D4D4D4D4D4D4D4D42D
:10039000D4D4D4D4D4D4D4D4D4D4D4D4D4D4D4D41D
:1003A000D4D4D4D4D4D4D4D4D4D4D4D4D4D4D4D40D
:1003B000D4D4D4D4D4D4D4D4D4D4D4D4D4D4D4D4FD
:1003C000D4D4D4D4D4D4D4D4D4D4D4D4D4D4D4D4ED
:1003D000D4D4D4D4D4D4D4D4D4D4D4D4D4D4D4D4DD
:1003E000D4D4D4D4D4D4D4D4D4D4D4D4D4D4D4D4CD
:1003F000D4D4D4D4D4D4D4D4D4D4D4D4D4D4D4D4BD
:10040000D4D4D4D4D4D4D4D4D4D4D4D4D4D4D4D4AC
:10041000D4D4D4D4D4D4D4D4D4D4D4D4D4D4D4D49C
:10042000D4D4D4D4D4D4D4D4D4D4D4D4D4D4D4D48C
:10043000D4D4D4D4D4D4D4D4D4D4D4D4D4D4D4D47C
:10044000D4D4D4D4D4D4D4D4D4D4D4D4D4D4D4D46C
:10045000D4D4D4D4D4D4D4D4D4D4D4D4D4D4D4D45C
:10046000D4D4D4D4D4D4D4D4D4D4D4D4D4D4D4D44C
:10047000D4D4D4D4D4D4D4D4D4D4D4D4D4D4D4D43C
:10048000D4D4D4D4D4D4D4D4D4D4D4D4D4D4D4D42C
:10049000D4D4D4D4D4D4D4D4D4D4D4D4D4D4D4D41C
:1004A000D4D4D4D4D4D4D4D4D4D4D4D4D4D4D4D40C
:1004B000D4D4D4D4D4D4D4D4D4D4D4D4D4D4D4D4FC
:1004C000D4D4D4D4D4D4D4D4D4D4D4D4D4D4D4D4EC
:1004D000D4D4D4D4D4D4D4D4D4D4D4D4D4D4D4D4DC
:1004E000D4D4D4D4D4D4D4D4D4D4D4D4D4D4D4D4CC
:1004F000D4D4D4D4D4D4D4D4D4D4D4D4D4D4D4D4BC
:10050000D4D4D4D4D4D4D4D4D4D4D4D4D4D4D4D4AB
:10051000D4D4D4D4D4D4D4D4D4D4D4D4D4D4D4D49B
:10052000D4D4D4D4D4D4D4D4D4D4D4D4D4D4D4D48B
:10053000D4D4D4D4D4D4D4D4D4D4D4D4D4D4D4D47B
:10054000D4D4D4D4D4D4D4D4D4D4D4D4D4D4D4D46B
:10055000D4D4D4D4D4D4D4D4D4D4D4D4D4D4D4D45B
:10056000D4D4D4D4D4D4D4D4D4D4D4D4D4D4D4D44B
:10057000D4D4D4D4D4D4D4D4D4D4D4D4D4D4D4D43B
:10058000D4D4D4D4D4D4D4D4D4D4D4D4D4D4D4D42B
:10059000D4D4D4D4D4D4D4D4D4D4D4D4D4D4D4D41B
:1005A000D4D4D4D4D4D4D4D4D4D4D4D4D4D4D4D40B
:1005B000D4D4D4D4D4D4D4D4D4D4D4D4D4D4D4D4FB
:1005C000D4D4D4D4D4D4D4D4D4D4D4D4D4D4D4D4EB
:1005D000D4D4D4D4D4D4D4D4D4D4D4D4D4D4D4D4DB
:1005E000D4D4D4D4D4D4D4D4D4D4D4D4D4D4D4D4CB
:1005F000D4D4D4D4D4D4D4D4D4D4D4D4D4D4D4D4BB
:10060000D4D4D4D4D4D4D4D4D4D4D4D4D4D4D4D4AA
:10061000D4D4D4D4D4D4D4D4D4D4D4D4D4D4D4D49A
:10062000D4D4D4D4D4D4D4D4D4D4D4D4D4D4D4D48A
:10063000D4D4D4D4D4D4D4D4D4D4D4D4D4D4D4D47A
:10064000D4D4D4D4D4D4D4D4D4D4D4D4D4D4D4D46A
:10065000D4D4D4D4D4D4D4D4D4D4D4D4D4D4D4D45A
:10066000D4D4D4D4D4D4D4D4D4D4D4D4D4D4D4D44A
:10067000D4D4D4D4D4D4D4D4D4D4D4D4D4D4D4D43A
:10068000D4D4D4D4D4D4D4D4D4D4D4D4D4D4D4D42A
:10069000D4D4D4D4D4D4D4D4D4D4D4D4D4D4D4D41A
:1006A000D4D4D4D4D4D4D4D4D4D4D4D4D4D4D4D40A
:1006B000D4D4D4D4D4D4D4D4D4D4D4D4D4D4D4D4FA
:1006C000D4D4D4D4D4D4D4D4D4D4D4D4D4D4D4D4EA
:1006D000D4D4D4D4D4D4D4D4D4D4D4D4D4D4D4D4DA
:1006E000D4D4D4D4D4D4D4D4D4D4D4D4D4D4D4D4CA
:1006F000D4D4D4D4D4D4D4D4D4D4D4D4D4D4D4D4BA
:10070000D4D4D4D4D4D4D4D4D4D4D4D4D4D4D4D4A9
:10071000D4D4D4D4D4D4D4D4D4D4D4D4D4D4D4D499
:10072000D4D4D4D4D4D4D4D4D4D4D4D4D4D4D4D489
:10073000D4D4D4D4D4D4D4D4D4D4D4D4D4D4D4D479
:10074000D4D4D4D4D4D4D4D4D4D4D4D4D4D4D4D469
:10075000D4D4D4D4D4D4D4D4D4D4D4D4D4D4D4D459
:10076000D4D4D4D4D4D4D4D4D4D4D4D4D4D4D4D449
:10077000D4D4D4D4D4D4D4D4D4D4D4D4D4D4D4D439
:10078000D4D4D4D4D4D4D4D4D4D4D4D4D4D4D4D429
:10079000D4D4D4D4D4D4D4D4D4D4D4D4D4D4D4D419
:1007A000D4D4D4D4D4D4D4D4D4D4D4D4D4D4D4D409
:1007B000D4D4D4D4D4D4D4D4D4D4D4D4D4D4D4D4F9
:1007C000D4D4D4D4D4D4D4D4D4D4D4D4D4D4D4D4E9
:1007D000D4D4D4D4D4D4D4D4D4D4D4D4D4D4D4D4D9
:1007E000D4D4D4D4D4D4D4D4D4D4D4D4D4D4D4D4C9
:1007F000D4D4D4D4D4D4D4D4D4D4D4D4D4D4D4D4B9
:10080000D4D4D4D4D4D4D4D4D4D4D4D4D4D4D4D4A8
:10081000D4D4D4D4D4D4D4D4D4D4D4D4D4D4D4D498
:10082000D4D4D4D4D4D4D4D4D4D4D4D4D4D4D4D488
:10083000D4D4D4D4D4D4D4D4D4D4D4D4D4D4D4D478
:10084000D4D4D4D4D4D4D4D4D4D4D4D4D4D4D4D468
:10085000D4D4D4D4D4D4D4D4D4D4D4D4D4D4D4D458
:10086000D4D4D4D4D4D4D4D4D4D4D4D4D4D4D4D448
:10087000D4D4D4D4D4D4D4D4D4D4D4D4D4D4D4D438
:10088000D4D4D4D4D4D4D4D4D4D4D4D4D4D4D4D428
:10089000D4D4D4D4D4D4D4D4D4D4D4D4D4D4D4D418
:1008A000D4D4D4D4D4D4D4D4D4D4D4D4D4D4D4D408
:1008B000D4D4D4D4D4D4D4D4D4D4D4D4D4D4D4D4F8
:1008C000D4D4D4D4D4D4D4D4D4D4D4D4D4D4D4D4E8
:1008D000D4D4D4D4D4D4D4D4D4D4D4D4D4D4D4D4D8
:1008E000D4D4D4D4D4D4D4D4D4D4D4D4D4D4D4D4C8
:1008F000D4D4D4D4D4D4D4D4D4D4D4D4D4D4D4D4B8
:10090000D4D4D4D4D4D4D4D4D4D4D4D4D4D4D4D4A7
:10091000D4D4D4D4D4D4D4D4D4D4D4D4D4D4D4D497
:10092000D4D4D4D4D4D4D4D4D4D4D4D4D4D4D4D487
:10093000D4D4D4D4D4D4D4D4D4D4D4D4D4D4D4D477
:10094000D4D4D4D4D4D4D4D4D4D4D4D4D4D4D4D467
:10095000D4D4D4D4D4D4D4D4D4D4D4D4D4D4D4D457
:10096000D4D4D4D4D4D4D4D4D4D4D4D4D4D4D4D447
:10097000D4D4D4D4D4D4D4D4D4D4D4D4D4D4D4D437
:10098000D4D4D4D4D4D4D4D4D4D4D4D4D4D4D4D427
:10099000D4D4D4D4D4D4D4D4D4D4D4D4D4D4D4D417
:1009A000D4D4D4D4D4D4D4D4D4D4D4D4D4D4D4D407
:1009B000D4D4D4D4D4D4D4D4D4D4D4D4D4D4D4D4F7
:1009C000D4D4D4D4D4D4D4D4D4D4D4D4D4D4D4D4E7
:1009D000D4D4D4D4D4D4D4D4D4D4D4D4D4D4D4D4D7
:1009E000D4D4D4D4D4D4D4D4D4D4D4D4D4D4D4D4C7
:1009F000D4D4D4D4D4D4D4D4D4D4D4D4D4D4D4D4B7
:100A0000D4D4D4D4D4D4D4D4D4D4D4D4D4D4D4D4A6
:100A1000D4D4D4D4D4D4D4D4D4D4D4D4D4D4D4D496
:100A2000D4D4D4D4D4D4D4D4D4D4D4D4D4D4D4D486
:100A3000D4D4D4D4D4D4D4D4D4D4D4D4D4D4D4D476
:100A4000D4D4D4D4D4D4D4D4D4D4D4D4D4D4D4D466
:100A5000D4D4D4D4D4D4D4D4D4D4D4D4D4D4D4D456
:100A6000D4D4D4D4D4D4D4D4D4D4D4D4D4D4D4D446
:100A7000D4D4D4D4D4D4D4D4D4D4D4D4D4D4D4D436
:100A8000D4D4D4D4D4D4D4D4D4D4D4D4D4D4D4D426
:100A9000D4D4D4D4D4D4D4D4D4D4D4D4D4D4D4D416
:100AA000D4D4D4D4D4D4D4D4D4D4D4D4D4D4D4D406
:100AB000D4D4D4D4D4D4D4D4D4D4D4D4D4D4D4D4F6
:100AC000D4D4D4D4D4D4D4D4D4D4D4D4D4D4D4D4E6
:100AD000D4D4D4D4D4D4D4D4D4D4D4D4D4D4D4D4D6
:100AE000D4D4D4D4D4D4D4D4D4D4D4D4D4D4D4D4C6
:100AF000D4D4D4D4D4D4D4D4D4D4D4D4D4D4D4D4B6
:100B0000D4D4D4D4D4D4D4D4D4D4D4D4D4D4D4D4A5
:100B1000D4D4D4D4D4D4D4D4D4D4D4D4D4D4D4D495
:100B2000D4D4D4D4D4D4D4D4D4D4D4D4D4D4D4D485
:100B3000D4D4D4D4D4D4D4D4D4D4D4D4D4D4D4D475
:100B4000D4D4D4D4D4D4D4D4D4D4D4D4D4D4D4D465
:100B5000D4D4D4D4D4D4D4D4D4D4D4D4D4D4D4D455
:100B6000D4D4D4D4D4D4D4D4D4D4D4D4D4D4D4D445
:100B7000D4D4D4D4D4D4D4D4D4D4D4D4D4D4D4D435
:100B8000D4D4D4D4D4D4D4D4D4D4D4D4D4D4D4D425
:100B9000D4D4D4D4D4D4D4D4D4D4D4D4D4D4D4D415
:100BA000D4D4D4D4D4D4D4D4D4D4D4D4D4D4D4D405
:100BB000D4D4D4D4D4D4D4D4D4D4D4D4D4D4D4D4F5
:100BC000D4D4D4D4D4D4D4D4D4D4D4D4D4D4D4D4E5
:100BD000D4D4D4D4D4D4D4D4D4D4D4D4D4D4D4D4D5
:100BE000D4D4D4D4D4D4D4D4D4D4D4D4D4D4D4D4C5
:100BF000D4D4D4D4D4D4D4D4D4D4D4D4D4D4D4D4B5
:100C0000D4D4D4D4D4D4D4D4D4D4D4D4D4D4D4D4A4
:100C1000D4D4D4D4D4D4D4D4D4D4D4D4D4D4D4D494
:100C2000D4D4D4D4D4D4D4D4D4D4D4D4D4D4D4D484
:100C3000D4D4D4D4D4D4D4D4D4D4D4D4D4D4D4D474
:100C4000D4D4D4D4D4D4D4D4D4D4D4D4D4D4D4D464
:100C5000D4D4D4D4D4D4D4D4D4D4D4D4D4D4D4D454
:100C6000D4D4D4D4D4D4D4D4D4D4D4D4D4D4D4D444
:100C7000D4D4D4D4D4D4D4D4D4D4D4D4D4D4D4D434
:100C8000D4D4D4D4D4D4D4D4D4D4D4D4D4D4D4D424
:100C9000D4D4D4D4D4D4D4D4D4D4D4D4D4D4D4D414
:100CA000D4D4D4D4D4D4D4D4D4D4D4D4D4D4D4D404
:100CB000D4D4D4D4D4D4D4D4D4D4D4D4D4D4D4D4F4
:100CC000D4D4D4D4D4D4D4D4D4D4D4D4D4D4D4D4E4
:100CD000D4D4D4D4D4D4D4D4D4D4D4D4D4D4D4D4D4
:100CE000D4D4D4D4D4D4D4D4D4D4D4D4D4D4D4D4C4
:100CF000D4D4D4D4D4D4D4D4D4D4D4D4D4D4D4D4B4
:100D0000D4D4D4D4D4D4D4D4D4D4D4D4D4D4D4D4A3
:100D1000D4D4D4D4D4D4D4D4D4D4D4D4D4D4D4D493
:100D2000D4D4D4D4D4D4D4D4D4D4D4D4D4D4D4D483
:100D3000D4D4D4D4D4D4D4D4D4D4D4D4D4D4D4D473
:100D4000D4D4D4D4D4D4D4D4D4D4D4D4D4D4D4D463
:100D5000D4D4D4D4D4D4D4D4D4D4D4D4D4D4D4D453
:100D6000D4D4D4D4D4D4D4D4D4D4D4D4D4D4D4D443
:100D7000D4D4D4D4D4D4D4D4D4D4D4D4D4D4D4D433
:100D8000D4D4D4D4D4D4D4D4D4D4D4D4D4D4D4D423
:100D9000D4D4D4D4D4D4D4D4D4D4D4D4D4D4D4D413
:100DA000D4D4D4D4D4D4D4D4D4D4D4D4D4D4D4D403
:100DB000D4D4D4D4D4D4D4D4D4D4D4D4D4D4D4D4F3
:100DC000D4D4D4D4D4D4D4D4D4D4D4D4D4D4D4D4E3
:100DD000D4D4D4D4D4D4D4D4D4D4D4D4D4D4D4D4D3
:100DE000D4D4D4D4D4D4D4D4D4D4D4D4D4D4D4D4C3
:100DF000D4D4D4D4D4D4D4D4D4D4D4D4D4D4D4D4B3
:100E0000D4D4D4D4D4D4D4D4D4D4D4D4D4D4D4D4A2
:100E1000D4D4D4D4D4D4D4D4D4D4D4D4D4D4D4D492
:100E2000D4D4D4D4D4D4D4D4D4D4D4D4D4D4D4D482
:100E3000D4D4D4D4D4D4D4D4D4D4D4D4D4D4D4D472
:100E4000D4D4D4D4D4D4D4D4D4D4D4D4D4D4D4D462
:100E5000D4D4D4D4D4D4D4D4D4D4D4D4D4D4D4D452
:100E6000D4D4D4D4D4D4D4D4D4D4D4D4D4D4D4D442
:100E7000D4D4D4D4D4D4D4D4D4D4D4D4D4D4D4D432
:100E8000D4D4D4D4D4D4D4D4D4D4D4D4D4D4D4D422
:100E9000D4D4D4D4D4D4D4D4D4D4D4D4D4D4D4D412
:100EA000D4D4D4D4D4D4D4D4D4D4D4D4D4D4D4D402
:100EB000D4D4D4D4D4D4D4D4D4D4D4D4D4D4D4D4F2
:100EC000D4D4D4D4D4D4D4D4D4D4D4D4D4D4D4D4E2
:100ED000D4D4D4D4D4D4D4D4D4D4D4D4D4D4D4D4D2
:100EE000D4D4D4D4D4D4D4D4D4D4D4D4D4D4D4D4C2
:100EF000D4D4D4D4D4D4D4D4D4D4D4D4D4D4D4D4B2
:100F0000D4D4D4D4D4D4D4D4D4D4D4D4D4D4D4D4A1
:100F1000D4D4D4D4D4D4D4D4D4D4D4D4D4D4D4D491
:100F2000D4D4D4D4D4D4D4D4D4D4D4D4D4D4D4D481
:100F3000D4D4D4D4D4D4D4D4D4D4D4D4D4D4D4D471
:100F4000D4D4D4D4D4D4D4D4D4D4D4D4D4D4D4D461
:100F5000D4D4D4D4D4D4D4D4D4D4D4D4D4D4D4D451
:100F6000D4D4D4D4D4D4D4D4D4D4D4D4D4D4D4D441
:100F7000D4D4D4D4D4D4D4D4D4D4D4D4D4D4D4D431
:100F8000D4D4D4D4D4D4D4D4D4D4D4D4D4D4D4D421
:100F9000D4D4D4D4D4D4D4D4D4D4D4D4D4D4D4D411
:100FA000D4D4D4D4D4D4D4D4D4D4D4D4D4D4D4D401
:100FB000D4D4D4D4D4D4D4D4D4D4D4D4D4D4D4D4F1
:100FC000D4D4D4D4D4D4D4D4D4D4D4D4D4D4D4D4E1
:100FD000D4D4D4D4D4D4D4D4D4D4D4D4D4D4D4D4D1
:100FE000D4D4D4D4D4D4D4D4D4D4D4D4D4D4D4D4C1
:100FF000D4D4D4D4D4D4D4D4D4D4D4D4D4D4D4D4B1
:10100000D10020400020006000000000000000002F
:1010100020100060001000600000000000000000D0
:101020000000006014AA000000000000EFBEADDE6A
:10103000124880F3088812481249016000F036F81F
:10104000114812490022814201D004C0FBE7104838
:101050001049114A814202D008CA08C0FAE70F4875
:101060004FF47001026842EA01020260BFF34F8F41
:10107000BFF36F8F00F014F800DE00000040002086
:1010800008ED00E000400020005000209485002082
:10109000B84200205444002020AA006088ED00E0FF
:1010A00040F28B1CC0F2000C6047D4D41C4840F2C4
:1010B000924188420CBF1B4A1B4A1C4B5360136869
:1010C00023F0800313601A481A4901BF1A480A0C1A
:1010D0008264C1F30F014164016C41F004010164B9
:1010E0001648174A824205D01649814202D008CAE2
:1010F00008C0FAE71448154A824205D014498142D3
:1011000002D008CA08C0FAE71248134A824205D042
:101110001249814202D008CA08C0FAE770470000AD
:10112000240400000080034000C00B4020C528D9E3
:1011300000C00A40AAAAFAFF00400E4000000000CA
:10114000B82200600C720000004000200020006007
:10115000B842002000002020D094006050152020CC
:10116000D4D4D4D4D4D4D4D4D4D4D4D4D4D4D4D43F
:10117000D4D4D4D4D4D4D4D4D4D4D4D4D4D4D4D42F
:10118000D4D4D4D4D4D4D4D4D4D4D4D4D4D4D4D41F
:10119000D4D4D4D4D4D4D4D4D4D4D4D4D4D4D4D40F
:1011A000D4D4D4D4D4D4D4D4D4D4D4D4D4D4D4D4FF
:1011B000D4D4D4D4D4D4D4D4D4D4D4D4D4D4D4D4EF
:1011C000D4D4D4D4D4D4D4D4D4D4D4D4D4D4D4D4DF
:1011D000D4D4D4D4D4D4D4D4D4D4D4D4D4D4D4D4CF
:1011E000D4D4D4D4D4D4D4D4D4D4D4D4D4D4D4D4BF
:1011F000D4D4D4D4D4D4D4D4D4D4D4D4D4D4D4D4AF
:10120000D4D4D4D4D4D4D4D4D4D4D4D4D4D4D4D49E
:10121000D4D4D4D4D4D4D4D4D4D4D4D4D4D4D4D48E
:10122000D4D4D4D4D4D4D4D4D4D4D4D4D4D4D4D47E
:10123000D4D4D4D4D4D4D4D4D4D4D4D4D4D4D4D46E
:10124000D4D4D4D4D4D4D4D4D4D4D4D4D4D4D4D45E
:10125000D4D4D4D4D4D4D4D4D4D4D4D4D4D4D4D44E
:10126000D4D4D4D4D4D4D4D4D4D4D4D4D4D4D4D43E
:10127000D4D4D4D4D4D4D4D4D4D4D4D4D4D4D4D42E
:10128000D4D4D4D4D4D4D4D4D4D4D4D4D4D4D4D41E
:10129000D4D4D4D4D4D4D4D4D4D4D4D4D4D4D4D40E
:1012A000D4D4D4D4D4D4D4D4D4D4D4D4D4D4D4D4FE
:1012B000D4D4D4D4D4D4D4D4D4D4D4D4D4D4D4D4EE
:1012C000D4D4D4D4D4D4D4D4D4D4D4D4D4D4D4D4DE
:1012D000D4D4D4D4D4D4D4D4D4D4D4D4D4D4D4D4CE
:1012E000D4D4D4D4D4D4D4D4D4D4D4D4D4D4D4D4BE
:1012F000D4D4D4D4D4D4D4D4D4D4D4D4D4D4D4D4AE
:10130000D4D4D4D4D4D4D4D4D4D4D4D4D4D4D4D49D
:10131000D4D4D4D4D4D4D4D4D4D4D4D4D4D4D4D48D
:10132000D4D4D4D4D4D4D4D4D4D4D4D4D4D4D4D47D
:10133000D4D4D4D4D4D4D4D4D4D4D4D4D4D4D4D46D
:10134000D4D4D4D4D4D4D4D4D4D4D4D4D4D4D4D45D
:10135000D4D4D4D4D4D4D4D4D4D4D4D4D4D4D4D44D
:10136000D4D4D4D4D4D4D4D4D4D4D4D4D4D4D4D43D
:10137000D4D4D4D4D4D4D4D4D4D4D4D4D4D4D4D42D
:10138000D4D4D4D4D4D4D4D4D4D4D4D4D4D4D4D41D
:10139000D4D4D4D4D4D4D4D4D4D4D4D4D4D4D4D40D
:1013A000D4D4D4D4D4D4D4D4D4D4D4D4D4D4D4D4FD
:1013B000D4D4D4D4D4D4D4D4D4D4D4D4D4D4D4D4ED
:1013C000D4D4D4D4D4D4D4D4D4D4D4D4D4D4D4D4DD
:1013D000D4D4D4D4D4D4D4D4D4D4D4D4D4D4D4D4CD
:1013E000D4D4D4D4D4D4D4D4D4D4D4D4D4D4D4D4BD
:1013F000D4D4D4D4D4D4D4D4D4D4D4D4D4D4D4D4AD
:10140000D4D4D4D4D4D4D4D4D4D4D4D4D4D4D4D49C
:10141000D4D4D4D4D4D4D4D4D4D4D4D4D4D4D4D48C
:10142000D4D4D4D4D4D4D4D4D4D4D4D4D4D4D4D47C
:10143000D4D4D4D4D4D4D4D4D4D4D4D4D4D4D4D46C
:10144000D4D4D4D4D4D4D4D4D4D4D4D4D4D4D4D45C
:10145000D4D4D4D4D4D4D4D4D4D4D4D4D4D4D4D44C
:10146000D4D4D4D4D4D4D4D4D4D4D4D4D4D4D4D43C
:10147000D4D4D4D4D4D4D4D4D4D4D4D4D4D4D4D42C
:10148000D4D4D4D4D4D4D4D4D4D4D4D4D4D4D4D41C
:10149000D4D4D4D4D4D4D4D4D4D4D4D4D4D4D4D40C
:1014A000D4D4D4D4D4D4D4D4D4D4D4D4D4D4D4D4FC
:1014B000D4D4D4D4D4D4D4D4D4D4D4D4D4D4D4D4EC
:1014C000D4D4D4D4D4D4D4D4D4D4D4D4D4D4D4D4DC
:1014D000D4D4D4D4D4D4D4D4D4D4D4D4D4D4D4D4CC
:1014E000D4D4D4D4D4D4D4D4D4D4D4D4D4D4D4D4BC
:1014F000D4D4D4D4D4D4D4D4D4D4D4D4D4D4D4D4AC
:10150000D4D4D4D4D4D4D4D4D4D4D4D4D4D4D4D49B
:10151000D4D4D4D4D4D4D4D4D4D4D4D4D4D4D4D48B
:10152000D4D4D4D4D4D4D4D4D4D4D4D4D4D4D4D47B
:10153000D4D4D4D4D4D4D4D4D4D4D4D4D4D4D4D46B
:10154000D4D4D4D4D4D4D4D4D4D4D4D4D4D4D4D45B
:10155000D4D4D4D4D4D4D4D4D4D4D4D4D4D4D4D44B
:10156000D4D4D4D4D4D4D4D4D4D4D4D4D4D4D4D43B
:10157000D4D4D4D4D4D4D4D4D4D4D4D4D4D4D4D42B
:10158000D4D4D4D4D4D4D4D4D4D4D4D4D4D4D4D41B
:10159000D4D4D4D4D4D4D4D4D4D4D4D4D4D4D4D40B
:1015A000D4D4D4D4D4D4D4D4D4D4D4D4D4D4D4D4FB
:1015B000D4D4D4D4D4D4D4D4D4D4D4D4D4D4D4D4EB
:1015C000D4D4D4D4D4D4D4D4D4D4D4D4D4D4D4D4DB
:1015D000D4D4D4D4D4D4D4D4D4D4D4D4D4D4D4D4CB
:1015E000D4D4D4D4D4D4D4D4D4D4D4D4D4D4D4D4BB
:1015F000D4D4D4D4D4D4D4D4D4D4D4D4D4D4D4D4AB
:10160000D4D4D4D4D4D4D4D4D4D4D4D4D4D4D4D49A
:10161000D4D4D4D4D4D4D4D4D4D4D4D4D4D4D4D48A
:10162000D4D4D4D4D4D4D4D4D4D4D4D4D4D4D4D47A
:10163000D4D4D4D4D4D4D4D4D4D4D4D4D4D4D4D46A
:10164000D4D4D4D4D4D4D4D4D4D4D4D4D4D4D4D45A
:10165000D4D4D4D4D4D4D4D4D4D4D4D4D4D4D4D44A
:10166000D4D4D4D4D4D4D4D4D4D4D4D4D4D4D4D43A
:10167000D4D4D4D4D4D4D4D4D4D4D4D4D4D4D4D42A
:10168000D4D4D4D4D4D4D4D4D4D4D4D4D4D4D4D41A
:10169000D4D4D4D4D4D4D4D4D4D4D4D4D4D4D4D40A
:1016A000D4D4D4D4D4D4D4D4D4D4D4D4D4D4D4D4FA
:1016B000D4D4D4D4D4D4D4D4D4D4D4D4D4D4D4D4EA
:1016C000D4D4D4D4D4D4D4D4D4D4D4D4D4D4D4D4DA
:1016D000D4D4D4D4D4D4D4D4D4D4D4D4D4D4D4D4CA
:1016E000D4D4D4D4D4D4D4D4D4D4D4D4D4D4D4D4BA
:1016F000D4D4D4D4D4D4D4D4D4D4D4D4D4D4D4D4AA
:10170000D4D4D4D4D4D4D4D4D4D4D4D4D4D4D4D499
:10171000D4D4D4D4D4D4D4D4D4D4D4D4D4D4D4D489
:10172000D4D4D4D4D4D4D4D4D4D4D4D4D4D4D4D479
:10173000D4D4D4D4D4D4D4D4D4D4D4D4D4D4D4D469
:10174000D4D4D4D4D4D4D4D4D4D4D4D4D4D4D4D459
:10175000D4D4D4D4D4D4D4D4D4D4D4D4D4D4D4D449
:10176000D4D4D4D4D4D4D4D4D4D4D4D4D4D4D4D439
:10177000D4D4D4D4D4D4D4D4D4D4D4D4D4D4D4D429
:10178000D4D4D4D4D4D4D4D4D4D4D4D4D4D4D4D419
:10179000D4D4D4D4D4D4D4D4D4D4D4D4D4D4D4D409
:1017A000D4D4D4D4D4D4D4D4D4D4D4D4D4D4D4D4F9
:1017B000D4D4D4D4D4D4D4D4D4D4D4D4D4D4D4D4E9
:1017C000D4D4D4D4D4D4D4D4D4D4D4D4D4D4D4D4D9
:1017D000D4D4D4D4D4D4D4D4D4D4D4D4D4D4D4D4C9
:1017E000D4D4D4D4D4D4D4D4D4D4D4D4D4D4D4D4B9
:1017F000D4D4D4D4D4D4D4D4D4D4D4D4D4D4D4D4A9
:10180000D4D4D4D4D4D4D4D4D4D4D4D4D4D4D4D498
:10181000D4D4D4D4D4D4D4D4D4D4D4D4D4D4D4D488
:10182000D4D4D4D4D4D4D4D4D4D4D4D4D4D4D4D478
:10183000D4D4D4D4D4D4D4D4D4D4D4D4D4D4D4D468
:10184000D4D4D4D4D4D4D4D4D4D4D4D4D4D4D4D458
:10185000D4D4D4D4D4D4D4D4D4D4D4D4D4D4D4D448
:10186000D4D4D4D4D4D4D4D4D4D4D4D4D4D4D4D438
:10187000D4D4D4D4D4D4D4D4D4D4D4D4D4D4D4D428
:10188000D4D4D4D4D4D4D4D4D4D4D4D4D4D4D4D418
:10189000D4D4D4D4D4D4D4D4D4D4D4D4D4D4D4D408
:1018A000D4D4D4D4D4D4D4D4D4D4D4D4D4D4D4D4F8
:1018B000D4D4D4D4D4D4D4D4D4D4D4D4D4D4D4D4E8
:1018C000D4D4D4D4D4D4D4D4D4D4D4D4D4D4D4D4D8
:1018D000D4D4D4D4D4D4D4D4D4D4D4D4D4D4D4D4C8
:1018E000D4D4D4D4D4D4D4D4D4D4D4D4D4D4D4D4B8
:1018F000D4D4D4D4D4D4D4D4D4D4D4D4D4D4D4D4A8
:10190000D4D4D4D4D4D4D4D4D4D4D4D4D4D4D4D497
:10191000D4D4D4D4D4D4D4D4D4D4D4D4D4D4D4D487
:10192000D4D4D4D4D4D4D4D4D4D4D4D4D4D4D4D477
:10193000D4D4D4D4D4D4D4D4D4D4D4D4D4D4D4D467
:10194000D4D4D4D4D4D4D4D4D4D4D4D4D4D4D4D457
:10195000D4D4D4D4D4D4D4D4D4D4D4D4D4D4D4D447
:10196000D4D4D4D4D4D4D4D4D4D4D4D4D4D4D4D437
:10197000D4D4D4D4D4D4D4D4D4D4D4D4D4D4D4D427
:10198000D4D4D4D4D4D4D4D4D4D4D4D4D4D4D4D417
:10199000D4D4D4D4D4D4D4D4D4D4D4D4D4D4D4D407
:1019A000D4D4D4D4D4D4D4D4D4D4D4D4D4D4D4D4F7
:1019B000D4D4D4D4D4D4D4D4D4D4D4D4D4D4D4D4E7
:1019C000D4D4D4D4D4D4D4D4D4D4D4D4D4D4D4D4D7
:1019D000D4D4D4D4D4D4D4D4D4D4D4D4D4D4D4D4C7
:1019E000D4D4D4D4D4D4D4D4D4D4D4D4D4D4D4D4B7
:1019F000D4D4D4D4D4D4D4D4D4D4D4D4D4D4D4D4A7
:101A0000D4D4D4D4D4D4D4D4D4D4D4D4D4D4D4D496
:101A1000D4D4D4D4D4D4D4D4D4D4D4D4D4D4D4D486
:101A2000D4D4D4D4D4D4D4D4D4D4D4D4D4D4D4D476
:101A3000D4D4D4D4D4D4D4D4D4D4D4D4D4D4D4D466
:101A4000D4D4D4D4D4D4D4D4D4D4D4D4D4D4D4D456
:101A5000D4D4D4D4D4D4D4D4D4D4D4D4D4D4D4D446
:101A6000D4D4D4D4D4D4D4D4D4D4D4D4D4D4D4D436
:101A7000D4D4D4D4D4D4D4D4D4D4D4D4D4D4D4D426
:101A8000D4D4D4D4D4D4D4D4D4D4D4D4D4D4D4D416
:101A9000D4D4D4D4D4D4D4D4D4D4D4D4D4D4D4D406
:101AA000D4D4D4D4D4D4D4D4D4D4D4D4D4D4D4D4F6
:101AB000D4D4D4D4D4D4D4D4D4D4D4D4D4D4D4D4E6
:101AC000D4D4D4D4D4D4D4D4D4D4D4D4D4D4D4D4D6
:101AD000D4D4D4D4D4D4D4D4D4D4D4D4D4D4D4D4C6
:101AE000D4D4D4D4D4D4D4D4D4D4D4D4D4D4D4D4B6
:101AF000D4D4D4D4D4D4D4D4D4D4D4D4D4D4D4D4A6
:101B0000D4D4D4D4D4D4D4D4D4D4D4D4D4D4D4D495
:101B1000D4D4D4D4D4D4D4D4D4D4D4D4D4D4D4D485
:101B2000D4D4D4D4D4D4D4D4D4D4D4D4D4D4D4D475
:101B3000D4D4D4D4D4D4D4D4D4D4D4D4D4D4D4D465
:101B4000D4D4D4D4D4D4D4D4D4D4D4D4D4D4D4D455
:101B5000D4D4D4D4D4D4D4D4D4D4D4D4D4D4D4D445
:101B6000D4D4D4D4D4D4D4D4D4D4D4D4D4D4D4D435
:101B7000D4D4D4D4D4D4D4D4D4D4D4D4D4D4D4D425
:101B8000D4D4D4D4D4D4D4D4D4D4D4D4D4D4D4D415
:101B9000D4D4D4D4D4D4D4D4D4D4D4D4D4D4D4D405
:101BA000D4D4D4D4D4D4D4D4D4D4D4D4D4D4D4D4F5
:101BB000D4D4D4D4D4D4D4D4D4D4D4D4D4D4D4D4E5
:101BC000D4D4D4D4D4D4D4D4D4D4D4D4D4D4D4D4D5
:101BD000D4D4D4D4D4D4D4D4D4D4D4D4D4D4D4D4C5
:101BE000D4D4D4D4D4D4D4D4D4D4D4D4D4D4D4D4B5
:101BF000D4D4D4D4D4D4D4D4D4D4D4D4D4D4D4D4A5
:101C0000D4D4D4D4D4D4D4D4D4D4D4D4D4D4D4D494
:101C1000D4D4D4D4D4D4D4D4D4D4D4D4D4D4D4D484
:101C2000D4D4D4D4D4D4D4D4D4D4D4D4D4D4D4D474
:101C3000D4D4D4D4D4D4D4D4D4D4D4D4D4D4D4D464
:101C4000D4D4D4D4D4D4D4D4D4D4D4D4D4D4D4D454
:101C5000D4D4D4D4D4D4D4D4D4D4D4D4D4D4D4D444
:101C6000D4D4D4D4D4D4D4D4D4D4D4D4D4D4D4D434
:101C7000D4D4D4D4D4D4D4D4D4D4D4D4D4D4D4D424
:101C8000D4D4D4D4D4D4D4D4D4D4D4D4D4D4D4D414
:101C9000D4D4D4D4D4D4D4D4D4D4D4D4D4D4D4D404
:101CA000D4D4D4D4D4D4D4D4D4D4D4D4D4D4D4D4F4
:101CB000D4D4D4D4D4D4D4D4D4D4D4D4D4D4D4D4E4
:101CC000D4D4D4D4D4D4D4D4D4D4D4D4D4D4D4D4D4
:101CD000D4D4D4D4D4D4D4D4D4D4D4D4D4D4D4D4C4
:101CE000D4D4D4D4D4D4D4D4D4D4D4D4D4D4D4D4B4
:101CF000D4D4D4D4D4D4D4D4D4D4D4D4D4D4D4D4A4
:101D0000D4D4D4D4D4D4D4D4D4D4D4D4D4D4D4D493
:101D1000D4D4D4D4D4D4D4D4D4D4D4D4D4D4D4D483
:101D2000D4D4D4D4D4D4D4D4D4D4D4D4D4D4D4D473
:101D3000D4D4D4D4D4D4D4D4D4D4D4D4D4D4D4D463
:101D4000D4D4D4D4D4D4D4D4D4D4D4D4D4D4D4D453
:101D5000D4D4D4D4D4D4D4D4D4D4D4D4D4D4D4D443
:101D6000D4D4D4D4D4D4D4D4D4D4D4D4D4D4D4D433
:101D7000D4D4D4D4D4D4D4D4D4D4D4D4D4D4D4D423
:101D8000D4D4D4D4D4D4D4D4D4D4D4D4D4D4D4D413
:101D9000D4D4D4D4D4D4D4D4D4D4D4D4D4D4D4D403
:101DA000D4D4D4D4D4D4D4D4D4D4D4D4D4D4D4D4F3
:101DB000D4D4D4D4D4D4D4D4D4D4D4D4D4D4D4D4E3
:101DC000D4D4D4D4D4D4D4D4D4D4D4D4D4D4D4D4D3
:101DD000D4D4D4D4D4D4D4D4D4D4D4D4D4D4D4D4C3
:101DE000D4D4D4D4D4D4D4D4D4D4D4D4D4D4D4D4B3
:101DF000D4D4D4D4D4D4D4D4D4D4D4D4D4D4D4D4A3
:101E0000D4D4D4D4D4D4D4D4D4D4D4D4D4D4D4D492
:101E1000D4D4D4D4D4D4D4D4D4D4D4D4D4D4D4D482
:101E2000D4D4D4D4D4D4D4D4D4D4D4D4D4D4D4D472
:101E3000D4D4D4D4D4D4D4D4D4D4D4D4D4D4D4D462
:101E4000D4D4D4D4D4D4D4D4D4D4D4D4D4D4D4D452
:101E5000D4D4D4D4D4D4D4D4D4D4D4D4D4D4D4D442
:101E6000D4D4D4D4D4D4D4D4D4D4D4D4D4D4D4D432
:101E7000D4D4D4D4D4D4D4D4D4D4D4D4D4D4D4D422
:101E8000D4D4D4D4D4D4D4D4D4D4D4D4D4D4D4D412
:101E9000D4D4D4D4D4D4D4D4D4D4D4D4D4D4D4D402
:101EA000D4D4D4D4D4D4D4D4D4D4D4D4D4D4D4D4F2
:101EB000D4D4D4D4D4D4D4D4D4D4D4D4D4D4D4D4E2
:101EC000D4D4D4D4D4D4D4D4D4D4D4D4D4D4D4D4D2
:101ED000D4D4D4D4D4D4D4D4D4D4D4D4D4D4D4D4C2
:101EE000D4D4D4D4D4D4D4D4D4D4D4D4D4D4D4D4B2
:101EF000D4D4D4D4D4D4D4D4D4D4D4D4D4D4D4D4A2
:101F0000D4D4D4D4D4D4D4D4D4D4D4D4D4D4D4D491
:101F1000D4D4D4D4D4D4D4D4D4D4D4D4D4D4D4D481
:101F2000D4D4D4D4D4D4D4D4D4D4D4D4D4D4D4D471
:101F3000D4D4D4D4D4D4D4D4D4D4D4D4D4D4D4D461
:101F4000D4D4D4D4D4D4D4D4D4D4D4D4D4D4D4D451
:101F5000D4D4D4D4D4D4D4D4D4D4D4D4D4D4D4D441
:101F6000D4D4D4D4D4D4D4D4D4D4D4D4D4D4D4D431
:101F7000D4D4D4D4D4D4D4D4D4D4D4D4D4D4D4D421
:101F8000D4D4D4D4D4D4D4D4D4D4D4D4D4D4D4D411
:101F9000D4D4D4D4D4D4D4D4D4D4D4D4D4D4D4D401
:101FA000D4D4D4D4D4D4D4D4D4D4D4D4D4D4D4D4F1
:101FB000D4D4D4D4D4D4D4D4D4D4D4D4D4D4D4D4E1
:101FC000D4D4D4D4D4D4D4D4D4D4D4D4D4D4D4D4D1
:101FD000D4D4D4D4D4D4D4D4D4D4D4D4D4D4D4D4C1
:101FE000D4D4D4D4D4D4D4D4D4D4D4D4D4D4D4D4B1
:101FF000D4D4D4D4D4D4D4D4D4D4D4D4D4D4D4D4A1
:1020000000400020311000604D160000F17100000A
:102010004D1600004D1600004D1600000000000097
:102020000000000000000000000000004D1600004D
:102030004D160000000000004D1600004D16000077
:102040004D1600004D1600004D1600004D16000004
:102050004D1600004D1600004D1600004D160000F4
:102060004D1600004D1600004D1600004D160000E4
:102070004D1600004D1600004D1600004D160000D4
:102080004D160000000000000000000000000000ED
:102090004D1600004D1600004D1600004D160000B4
:1020A0004D1600004D1600004D1600004D160000A4
:1020B0004D1600004D1600004D1600004D16000094
:1020C0004D1600004D1600004D1600004D16000084
:1020D0004D1600004D1600004D1600004D16000074
:1020E0004D1600004D1600004D1600004D16000064
:1020F0004D1600004D1600004D1600004D16000054
:102100004D1600004D1600004D1600004D16000043
:10211000000000004D160000000000004D160000F9
:102120004D1600004D1600004D1600004D16000023
:102130004D1600004D160000000000004D16000076
:102140004D1600004D1600004D1600004D16000003
:102150004D1600004D1600000000000000000000B9
:102160004D1600004D1600004D1600004D160000E3
:102170004D1600004D1600004D1600004D160000D3
:102180004D1600004D1600004D1600004D160000C3
:102190004D1600004D1600004D1600004D160000B3
:1021A0004D1600004D1600004D1600004D160000A3
:1021B0004D1600004D1600004D1600004D16000093
:1021C0004D1600004D1600004D16000000000000E6
:1021D0004D1600004D1600004D1600004D16000073
:1021E0004D1600004D1600004D1600004D16000063
:1021F0004D1600004D1600004D1600004D16000053
:102200004D160000771000004D1600004D1600001E
:102210004D1600004D1600004D1600004D16000032
:102220004D1600004D1600004D1600004D16000022
:102230004D1600004D1600004D1600000000000075
:10224000000000004D1600004D1600004D16000065
:102250004D1600004D1600004D1600004D160000F2
:102260004D1600004D1600004D1600004D160000E2
:102270004D1600004D1600004D1600004D160000D2
:102280004D1600004D1600004D1600004D160000C2
:102290004D1600004D1600004D1600004D160000B2
:1022A0004D1600004D1600004D1600000000000005
:0822B0004D1600004D16000060
:1022B80000684169806A41EA1010012100F40000B9
:1022C80081EAD050704700684269836A42EA131273
:1022D800130244BFC9B2C16102F40000012181EABE
:1022E800D05070477047F0B503AF2DE9000F83B0A9
:1022F800D0E900408946802906D24FF000084FF007
:10230800000A00254E4645E0B9F5006F12D26FF07D
:102318003F0141EA99164FF6FE714D46C0F2FF3172
:102328004FF0000861F39F15012102914FF0000A58
:10233800002131E0B9F5803F15D26FF01F0141EA65
:1023480019364FF6FE71CA46C0F2FF314FEA9915A9
:1023580061F39F1A61F39F1501214FF00008019165
:102368000021029119E04FF6FE71C846C0F2FF3114
:102378004FEA991A4FEA193561F39F1861F39F1ACA
:1023880061F39F154FF6FE714FEA9946C1F6FF714A
:1023980061F3DF06002102910191D0F80CB02046CC
:1023A8003146D8470028FAD1B9F1800F12D3204618
:1023B8002946D8470028FAD1029858B920465146EC
:1023C800D8470028FAD1019820B920464146D84775
:1023D8000028FAD1002003B0BDE8000FF0BD80B599
:1023E8006F4682B00A46D0E90001CDE9000140F20B
:1023F8000001C2F22001684605F096FF02B080BDD8
:10240800CAB1F0B503AF2DE90007D0E900609146E5
:10241800C46888464FF0000A18F80A503046294622
:10242800A0470028FAD10AF1010ACA45F4D1BDE84B
:102438000007BDE8F0400020704780B56F4600F007
:1024480000F880B56F46ADF5886D04AC204600F005
:1024580094FD04F1340004F1380104F1540201F050
:1024680014F84E98016841F0010101604E98016826
:1024780021F002010160349E0021C0F80811C0F863
:102488001811C0F82811C0F83811306820F0010080
:102498003060306840F4004030603068000409D58E
:1024A8003068000444BF30685FEA004002D53068F5
:1024B8000004F2D43F20B060306820F001003060A2
:1024C8003598016821F001010160016841F400417B
:1024D80001600168090409D50168090444BF01685D
:1024E8005FEA014102D501680904F2D43F2140F2B4
:1024F80063428160016821F0010101600499886CE0
:1025080040F001008864486C10434864486C01221C
:1025180062F383004864486C20F080004864886C4B
:1025280040F020008864486C40F440404864486C9F
:1025380040F444704864886C40F080008864886D7A
:10254800000709D0886D00071CBF886D5FEA00701E
:1025580002D0886D0007F2D1886C40F020008864B2
:10256800486C20F4404048644A6C059822F4447250
:1025780002F588724A64816C40F2634241F00101BD
:102588008164416C11434164416C012262F383010F
:102598004164416C21F080014164816C41F020016B
:1025A8008164416C41F440414164416C41F444719F
:1025B8004164816C41F080018164816D090709D013
:1025C800816D09071CBF816D5FEA017102D0816DC1
:1025D8000907F2D1816C02220F2341F020018164A6
:1025E800416C21F440414164416C21F4447101F58E
:1025F8008871416463997AA803F04DF85E998CA8B4
:102608004FF4805203F00AF8DDE91B1290A8DDF8B8
:10261800B490DDF894A1DDF8A0B1DDF8A88103F04D
:10262800F6F850AB4FF470454FF00F0C459C0FCBAC
:10263800A0F88C51A0F88EC10F20A1F88C51A1F8F8
:102648008EC174A9A2F88C51A2F88EC1A3F88C513E
:10265800A3F88E0140F20000C2F22000CDE976898D
:1026680091900520909090A84FF00008CDE974ABA8
:10267800CDF8488200F03AFE77A800F027FE0390D4
:102688008946306840F2E73102224FF0010A20F013
:1026980001003060706861F30B007060306820F4EE
:1026A800B86080303060306820F001003060B06879
:1026B80040F02000B060F06820F02000F060306842
:1026C80020F400703060306840F002003060B0687C
:1026D80040F00100B060F06820F00100F060B068E0
:1026E80040F00200B060F06820F00200F060B068CE
:1026F80040F00400B060F06820F00400F06048F298
:102708000410C4F21F00016862F30301016001684C
:1027180021F01001016048F23051C4F21F01C1F8E4
:1027280000A0416862F303014160416821F0100193
:102738004160C0F828A44FF4E131A260C4F80880D1
:10274800A06940F44020A061A569A06920F4402058
:10275800A061A06A40F48040A062A06A40F40040F2
:10276800A06290A800F087FEDDE9900141F6FF72B3
:10277800914238BF0A4621694EF20003CEF2FD03AA
:10278800202801EA030146F6355B41EA02019DF87B
:10279800482228BF2020042898BF0420C0F2000B3C
:1027A80041EA42414FF0F85202EB006000F0F85065
:1027B80008432061A069A90C79AD61F39340A06139
:1027C80009F01F00789440F200040AFA00F9C2F2F6
:1027D8002004002009E0B06840F00100B0603068D3
:1027E80020F001003060799801300399C1F88C908D
:1027F800799048F29050C2F200000168C81E18BFD4
:102808000120032988BF4FF0FF3000281CBFC0B249
:10281800FF2819D140F2540040F28002C2F2200091
:10282800032190907AA8929090A8C2F220024C239B
:10283800CDF85082CDF844A2CDF84CA2CDE97A5B10
:10284800CDF8008002F066FE40F2180090AAC2F2AD
:10285800200021468D9078A88C900220919040F21B
:10286800C400C2F22000CDF8508290907AA89290CD
:102878008CA8CDF84CA2CDE97A5B05F055FD4FF454
:10288800FA703061306840F001003060B068C0070D
:10289800A1D1B068C00704BFB0685FEAC0709AD120
:1028A800B068C007F2D096E780B56F4600F000F830
:1028B80080B56F4648F248100521C4F21F004BF25C
:1028C800004301603821C0F8F0114CF26C00C4F2EA
:1028D8000A0041F6004E01684EF6004CC0F2C443AF
:1028E800C0F64E6E21F0080101604CF28400C2F27D
:1028F800601CC4F21B0050F8801C41F0080140F82D
:10290800801C082101601A46013AFDD141601A462F
:10291800013AFDD101601A46013AFDD141601A46DB
:10292800013AFDD101601A46013AFDD14160724673
:10293800013AFDD101607246013AFDD141601A4663
:10294800013AFDD101607246013AFDD141601A4653
:10295800013AFDD101607246013AFDD141607246EB
:10296800013AFDD101601A46013AFDD141601A468B
:10297800013AFDD101601A46013AFDD141601A467B
:10298800013AFDD101601A46013AFDD14160624623
:10299800013AFDD1B6E770477047007840F2182237
:1029A8000B4640F26861C2F22001C2F2200251F8DF
:1029B800201052F82020184606F041B8084640F288
:1029C800CA41C2F22001122206F039B8F0B503AFAD
:1029D8002DE9000FB3B048F23011804648F2485054
:1029E800C2F20001C2F20000016046F20000C2F229
:1029F800000041F238114218BFF35F8F52E8001F00
:102A080041F0004342E80036002EF7D1B1F1FF3F14
:102A1800BFF35F8F40F3468245F214020126C2F2EB
:102A2800000202F5C071BFF35F8FD1E84F3FC1E8E4
:102A3800456F002DF9D1002BBFF35F8F40F03D8229
:102A4800309249F20002C4F20D0231912F92002215
:102A580041F23811C4F22E022E920144279000F55B
:102A6800865200F580500DF19C0B2D9106214FF0F8
:102A7800000ACDE928102C915846CDE92A120121E7
:102A8800ADF8C8A04FF0010903F0ADF8BBE87E002F
:102A98000DF1140C0CF104007EC09BE87E007EC092
:102AA800604601218DF84890E146CDF814A004F065
:102AB800C3F99DF8480038B30598002840F008820B
:102AC8004FF0FF3027AD05900020279009F1200036
:102AD80028902846D8F8004003F009F8284603F063
:102AE8004EF82846012103F056F82846012103F044
:102AF80016F82846214603F020F8284603F003F884
:102B08000598013005902FE005F021FB054605F0FA
:102B180014FB0598002840F0DB814FF0FF3027AE0A
:102B280005900020279009F1200028903046D8F819
:102B3800004002F0DCFF304603F021F83046012166
:102B480003F029F83046012102F0E9FF304621461A
:102B580002F0F3FF304602F0D6FF059801300590E9
:102B6800E80708BF05F0EBFA48F2000AB9E85C008C
:102B7800C2F2000A0AF10C0B002059465CC1B9E800
:102B88007C007CC199E87C007CC140F201410322B1
:102B9800AAF804104FF0FF31CAF808100821CAF843
:102BA80044008023CAF80000FF20CDE900218021DD
:102BB80002905846002204F043FB0D46DAF808104C
:102BC800C00701F10101CAF8081040F08781DAF85E
:102BD8000000002840F089819AF80460002000294C
:102BE800CAF8000006F101028AF8042040F0548176
:102BF8004FF0FF310222CAF808104021CDE9002128
:102C08000021029058460022002304F019FB0C46CC
:102C1800DAF80810C00701F10101CAF8081040F0FD
:102C28006A81002940F038814FF0FF304FF04009A9
:102C3800CAF8080002204FF00008CDE900095846FC
:102C4800802100228023CDF8088004F0F9FADAF810
:102C58000820C00702F10102CAF8082040F04E819E
:102C680048F24C504FF40073C2F20000002A80F87A
:102C7800261040F2FF3180F82D600AF14406A0F8D2
:102C88000F104FF00801818181804FF4FA51A0F8AC
:102C98002E8080F82C80A0F82730A0F824900662B7
:102CA800A0F81B308476A0F818904661857386607A
:102CB80080F80680016040F0EF804FF0FF3040213F
:102CC800CAF808000020CDE900010021029058460A
:102CD8000122002304F0B4FA8946DAF80810C00784
:102CE80001F10101CAF8081040F01B81002940F0E9
:102CF800D3804FF0FF304021CAF808000020CDE90A
:102D080000018021029058460122802304F098FA9D
:102D18008846DAF80810C00701F10101CAF808105E
:102D280040F00681DAF80000002840F014814FF0E6
:102D3800FF300029CAF8000040F01381CAF80800E3
:102D4800584604F0FCFADAF808000130CAF808001E
:102D5800C0F00D814FF0FF3005ADCAF80800E81C3F
:102D6800BFF35F8FCAF844B08021BFF35F8F06F0CE
:102D780091FB5846812104F0ACF85846012104F033
:102D8800A8F85846822104F0A4F85846022104F015
:102D9800A0F85846832104F09CF85846032104F013
:102DA80098F85846842104F094F85846042104F011
:102DB80090F85846852104F08CF85846052104F00F
:102DC80088F85846862104F084F85846062104F00D
:102DD80080F85846872104F07CF85846072104F00B
:102DE80078F848F24804DDE92701C2F20004BDF88A
:102DF800A420628137F84F2CC4F8061017F84D1C30
:102E0800C4F8020004F12100A4F815208322E1751A
:102E1800294606F03BFB4FF0806140F2DC42C4E9F2
:102E280037B13221C4F8D6100221C4F20001C2F22F
:102E38002002C4F8D2101021A4F8D01045F62401BD
:102E4800C2F2DD710020C4F8CC100921C4E92F2199
:102E5800402117F8D52C37F8D73C84F8E400C4F89B
:102E6800C400C4E92B00C4F8B400C4F8A400A4F852
:102E78001F0084F81E80A183A661A4F8130084F8BB
:102E880012902182E6602080A4F8E53084F8E720DB
:102E980033B0BDE8000FF0BD40F21830C2F2200098
:102EA80005F07EF940F2541040F2E812C2F2200018
:102EB800C2F220021F2105F0A7F940F2382040F2A3
:102EC8009822C2F22000C2F22002202105F09CF9CB
:102ED80040F24410C2F2200005F062F940F22C40A2
:102EE8008DF81450C2F220000EE040F25830C2F2C1
:102EF800200005F055F98DF8144001E08DF8141004
:102F080040F21C40C2F2200040F26833009040F2C8
:102F18000C4005AAC2F22000C2F220030F2105F0DE
:102F2800D9F940F2FC308DF81490C2F2200005E087
:102F380040F2EC308DF81480C2F2200040F2683381
:102F4800009040F2F81005AAC2F22000C2F2200355
:102F5800202105F0BFF940F24830C2F2200005F008
:102F68001FF940F23830C2F2200005F019F940F29A
:102F78002830C2F2200005F013F9F0B503AF2DE9AF
:102F8800000F81B045F200014FF0010CC2F20001C0
:102F9800BFF35F8FD1E84F2FC1E843CF002BF9D1A2
:102FA800BFF35F8F002A01BF48F20001C4F20D0190
:102FB8000022C4F22F0201BF02F5542C02F5502E54
:102FC80002F54C28A1F5004401BFA1F5003501F533
:102FD800F61601F5F413C0E9683601BFC0E96A5472
:102FE800C0E96C8EC0E96EC101F5005E01BF01F554
:102FF800805640F2040CC4F22E0C01F5021401BFF5
:103008000CF5FE7501F5004300F5C07888E8380036
:1030180001BF00F5C67383E81210C0E9666EA1F51A
:10302800404C01BF01F5881E01F5861801F584148E
:1030380001F5821301BF01F5003602F51025C0E93C
:10304800585600F5B47501BF85E81A41C0F87CC12F
:10305800A1F5804C02F51C2E01BF02F5182802F5D7
:103068001424A1F5E03301F5282601BF01F5EE157A
:10307800C0E9505600F5A47585E8184101BFC0E9BC
:10308800562C02F5782802F5742902F5702401BF40
:1030980002F56C234CF2000CC4F2070C0CF5004648
:1030A80001BF01F5E03E01F58E15C0E9485EC0E9B3
:1030B8004A6101BF00F5987585E81802C0F83C819F
:1030C80001F5482801BF01F5442901F5402A01F519
:1030D8003C2B01F5382301BF01F5342401F53025D7
:1030E80001F52C26C0E9406501BFC0E94243C0E9AB
:1030F80044BAC0E9469802F5302801BF02F52C29E8
:1031080002F5282A02F5242B02F5861301BF02F5E1
:10311800841402F5821502F58016C0E9386501BFEE
:10312800C0E93A43C0E93CBAC0E93E9801F5F01855
:1031380001BF01F59219A1F5503AA1F5403BA1F55F
:10314800303301BF01F5901401F58C1501F58A168D
:10315800C0E9306501BFC0E93243C0E934BAC0E90B
:10316800369844F2000B01BFC4F2002B0BF500495E
:103178000BF5804A4FF0844801BF01F56C2601F534
:10318800682401F56425A1F5C03301BFC0E92835DD
:1031980000F1A80383E85009C0E92EA901BF01F591
:1031A800602801F5E61901F5E81AA1F5203601BFF6
:1031B8000BF5E03301F5582401F55425C0E92054F6
:1031C80001BF00F1880484E84804C0E9259EC0F8DE
:1031D8009C8001BFA1F5103E01F5FE1801F500190C
:1031E80002F5642A01BF02F5602302F55C2602F5A8
:1031F800582501F5A03401BF00F1600B8BE8700081
:10320800C0E91B3AC0E91D9801BFC0F87CE001F590
:10321800803E02F540480CF5804901BF01F5804A1F
:1032280001F5F21344F20806C4F2090601BF06F1DB
:10323800100506F10804C0E91064C0E9125301BF83
:10324800C0E914A9C0E9168E0CF5C03E01F5103886
:1032580001BF01F5801901F57C2401F5782302F5F9
:103268007C2601BF02F54825C0E9085600F128056B
:1032780085E8180201BFC0E90D81C0F83CE002F5FD
:10328800442E02F50C2601BF01F5D21501F52424C0
:1032980002F54022A1F5803301BFA1F5A031C0E9B4
:1032A8000013C0E9022C103001BF80E8704001B063
:1032B800BDE8000FF0BD40F2E54040F28C52C2F28A
:1032C8002000C2F22002352104F0CFFF48F2481155
:1032D8000068C4F21F0105230A6863F303020A6049
:1032E800416841F0080141600321704780B56F468D
:1032F8004EF20C1C4FF4003ECEF2000C44F2B82201
:10330800CCF880E0C2F20002BFF35F8FD0E9003151
:103318008068C2E900319060BFF35F8FCCF800E1AC
:10332800CCF800E080BDF0B503AF4DF804BD86B021
:1033380045F20406C2F20006306830B106B05DF806
:1033480004BBBDE8F04000F0FFBF44F2B820C2F271
:1033580000000068062829D14FF47A600122039002
:1033680048F23010C2F20000BFF35F8F00F2124043
:10337800D0E84F1FC0E8432F002BF9D10029BFF335
:103388005F8F4BD148F230144FF48061C2F20004D1
:10339800204606F07DF804F0C0FE0546204600F001
:1033A800E1FD03A8FFF712FB28462CE04FF47A60F2
:1033B8000122029048F23010C2F20000BFF35F8F82
:1033C80000F21240D0E84F1FC0E8432F002BF9D17C
:1033D800BFF35F8FA1BB48F230154FF48061C2F292
:1033E8000005284606F054F804F097FE44F2B82188
:1033F8000446C2F20001284601F0B2FBE8B902A86F
:10340800FFF7E4FA204604F093FE42F29900C0F276
:103418000000306006B05DF804BBF0BD49F2000062
:10342800C4F20D0005900020C4F22E00CDE903007F
:1034380040F25860C2F2200010E0204604F078FE06
:1034480049F20000C4F20D0005900020C4F22E00DD
:10345800CDE9030040F24860C2F2200040F2C853B0
:10346800009040F29C5003AAC2F22000C2F220034E
:103478002B2104F02FFF80B56F460A4641F2002148
:10348800C0F27A0102F0F9F980BDF0B503AF4DF84A
:1034980004BD0E4600211546044602F0B1F928463F
:1034A80040F2E24102F08DF8304602F044F940F271
:1034B80078252146C2F2200500222846366802F007
:1034C80061F9A81C2146002202F05CF9281D21465A
:1034D800002202F057F9A81D2146002202F052F9F5
:1034E80005F108002146002202F04CF905F10A0016
:1034F8002146002202F046F905F10C00214600227F
:1035080002F040F905F10E002146002202F03AF9D6
:1035180005F110002146002202F034F905F11200ED
:103528002146002202F02EF905F11400214600225E
:1035380002F028F905F116002146002202F022F9CE
:1035480005F118002146002202F01CF905F11A00C5
:103558002146002202F016F905F11C00214600223E
:1035680002F010F905F11E002146002202F00AF9C6
:1035780020684169890107D5416921F000714161DD
:10358800204602F02EF920684169012221F060519D
:1035980041612068816962F30D318161204602F042
:1035A80020F92068416941F000714161204602F02C
:1035B80018F94FF480503060642030604FF40050A8
:1035C80070603068002809D4306800285CBF306813
:1035D800002803D43068B0F1FF3FF2DC20680122F4
:1035E800016962F302010161204602F0FAF82068DD
:1035F800416921F4E0514161204602F0F2F8206867
:10360800816941F4402181612068416921F000719C
:103618004161204602F0E5F8206840F25C05C2F2FC
:1036280020050022416941F4407141612846214644
:1036380002F0A8F8A81C2146002202F0A3F8281DD1
:103648002146002202F09EF8A81D2146002202F021
:1036580099F82068022640F26C050022C2F2200583
:10366800816B66F3D84181632068816B41F48021C6
:1036780081632846214602F085F8A81C21460022CD
:1036880002F080F8281D2146002202F07BF8A81DD0
:103698002146002202F076F8206840F2886503226D
:1036A800C2F22005816966F305118161206881698C
:1036B80062F39C61816128462146002202F062F88B
:1036C800A81C2146002202F05DF8281D2146002290
:1036D80002F058F8A81D2146002202F053F805F11F
:1036E80008002146002202F04DF82068172240F217
:1036F8007E45C2F22005C16962F30501C1612068F7
:103708000022C16941F04001C1612846214602F00A
:1037180039F8A81C2146002202F034F8281D214659
:10372800002202F02FF8A81D2146002202F02AF8F4
:1037380005F108002146002202F024F805F10A00EC
:103748002146002202F01EF805F10C002146002255
:1037580002F018F805F10E002146002202F012F8D6
:10376800206840F29265C2F220050322416A41F0C6
:10377800400141622068416A66F3050141622846BA
:10378800214601F0FFFFA81C2146032201F0FAFFA1
:10379800281D2146032201F0F5FFA81D214603221A
:1037A80001F0F0FF05F108002146032201F0EAFFCD
:1037B80005F10A002146032201F0E4FF05F10C009F
:1037C8002146032201F0DEFF05F10E002146032207
:1037D80001F0D8FF05F110002146032201F0D2FFC5
:1037E80005F112002146032201F0CCFF05F1140077
:1037F8002146032201F0C6FF05F1160021460322E7
:1038080001F0C0FF05F118002146032201F0BAFFBC
:1038180005F11A002146032201F0B4FF05F11C004E
:103828002146032201F0AEFF05F11E0021460322C6
:1038380001F0A8FF05F120002146032201F0A2FFB4
:1038480005F122002146032201F09CFF05F1240026
:103858002146032201F096FF05F1260021460322A6
:1038680001F090FF05F128002146032201F08AFFAC
:1038780005F12A002146032201F084FF05F12C00FE
:103888002146032201F07EFF05F12E002146032286
:1038980001F078FF05F130002146032201F072FFA4
:1038A80005F132002146032201F06CFF05F13400D6
:1038B8002146032201F066FF05F136002146032266
:1038C80001F060FF05F138002146032201F05AFF9C
:1038D80005F13A002146032201F054FF05F13C00AE
:1038E8002146032201F04EFF05F13E002146032246
:1038F8005DF804BBBDE8F04001F044BFFEE7F0B559
:1039080003AF2DE9000786B01D46904689468246DA
:10391800D6000C4686B1F4E802012A464B6A5146A5
:103928009847BAF80000083E00F00D000428F1D0CE
:1039380006B0BDE80007F0BD687A20B3BAF8000009
:1039480000F00D000428F3D1DAF80C000921AAF8D8
:1039580000100068BFF35F8F00286ED09AF812102D
:10396800012203F0A5FEDAF818000068BFF35F8FA4
:10397800002862D09AF81E10012203F099FE06B0C2
:10398800BDE80007F0BD297AA87991B1012923D0B3
:10399800022908BF0028D1D16988DAF8DC0001F0D3
:1039A8008F0103F0F6FE02210591A7F1220104918F
:1039B80030E020B3062834D00828BFD19AF8E200B6
:1039C80001210591A7F1220102380491B0FA80F093
:1039D800400907F8220C1FE050B10A28AED1012097
:1039E8000590A7F122000490002007F8220C13E0AC
:1039F80002200590A7F12200049000200AE09AF81E
:103A0800E00002229AF8E1100592A7F1220204923E
:103A180041EA400027F8220C04A9504601F015FBA2
:103A28008CE76988424628885346CDE900010AF1A7
:103A3800B400494600F0D4F880E740F6280040F684
:103A4800C002C2F22000C2F22002222104F00DFCC2
:103A5800F0B503AF4DF8048D84B01D460E46804680
:103A6800D4006CB1F6E802012A460B6A4146984731
:103A7800B8F80000083C00F00D000428F1D059E027
:103A8800687A30B1B8F8000000F00D00042851D170
:103A980028E02A7AA879298892B1012A1ED0022A18
:103AA80020D101284AD0032808BF00291AD16988E3
:103AB8000122D8F8DC0001F08F0103F0F9FD87E05E
:103AC800013808280ED8DFE800F0050D690D6F0DE4
:103AD8000D0D7800012905D1002062E00B2808BFF0
:103AE800002936D0B8F8000000F00D00042821D1D4
:103AF800D8F80C000921A8F800100068BFF35F8F00
:103B0800002840D098F81210012203F0D1FDD8F80F
:103B180018000068BFF35F8F00281FBF98F81E10B9
:103B2800012204B05DF8048B1CBFBDE8F04003F02F
:103B3800BFBD28E004B05DF8048BF0BD0029D1D1E9
:103B480069880022D8F8DC0001F08F0103F0B0FD8D
:103B58003EE0B8F8000006287FF494AFD8F81800C3
:103B68000168BFF35F8F71B198F81E20002040F6FE
:103B7800F423009002A8C2F2200303F041FC0820BD
:103B8800A8F800007EE740F6280040F6C002C2F21E
:103B98002000C2F22002222104F067FB0129A1D1F2
:103BA800012088F8E00013E0481E80B27F2899D2EF
:103BB800D8F8DC0003F081FB07E019B1012991D1A5
:103BC800022003E098F8E20030B1012088F8E20012
:103BD800404600F0E3FF55E7404601F00BFA51E795
:103BE800F0B503AF2DE9000B84B0D7E902690D46A3
:103BF80098464FF0FF330090B1B203EB11210E2924
:103C080000F25C80DFE801F008101C5A5A5A5A5A30
:103C18005A5A5A5A5A5A2B006946404601F0CEFB66
:103C280004B0BDE8000BF0BD684601A9019040460C
:103C3800CDE9025201F032FA04B0BDE8000BF0BD44
:103C4800F1B2032914D8DFE801F0021F23334046FC
:103C580004B0BDE8000BBDE8F04001F058BB404699
:103C6800294604B0BDE8000BBDE8F04001F0D9BA20
:103C7800D4001CB3F5E802014A464B69314698471F
:103C8800083C0028F5D009E0011D006828B915E0B6
:103C980000F10C010830006880B10968CDE9010124
:103CA80001A9404601F06CFA04B0BDE8000BF0BD74
:103CB80000F11401103000680028EED1B8F80000B7
:103CC80000F00D000428ABD1D8F80C000921A8F8A1
:103CD80000100068BFF35F8FB0B198F8121001228E
:103CE80003F0E6FCD8F818000068BFF35F8F0028DF
:103CF8001FBF98F81E10012204B0BDE8000B1CBFBE
:103D0800BDE8F04003F0D4BC40F6280040F6C002FD
:103D1800C2F22000C2F22002222104F0A6FAD4D472
:103D2800F0B503AF2DE9000F8BB0D0F8DC400646A4
:103D3800A7F12E0088461546214603F066FD96F841
:103D4800E20037F82E1C032813D100294FF0000099
:103D580018BF032903D10BB0BDE8000FF0BD96F8DA
:103D6800E300042800F0F380042286F8E20086F8D5
:103D7800E320DFE801F003082548030000200BB02A
:103D8800BDE8000FF0BD204603F00BFB00204FF408
:103D98008061002D86F8E40086F8E000A6F8E210BD
:103DA8003080EBD008EBC504A8F1080555F8080FDA
:103DB80069688969884705F10800A042F6D1DDE7FE
:103DC80037F82C0C37F82A1C37F8282C03900843AE
:103DD80040EA0209059104925FEAC97047D0059844
:103DE800C0071CBF304601F09FF80498C00714D1E3
:103DF8000398C0071BD1042007F81D0C17F81D0CE9
:103E080004281DD131E0032186F8E30086F8E2108A
:103E180000200BB0BDE8000FF0BDA7F12600314629
:103E280000F07AFF17F81D0C042809D11DE0A7F14E
:103E38002600314600F0DAFE17F81D0C042814D0CD
:103E480017F81F0C002873D080280ED1A7F126037D
:103E5800304641462A46FFF752FD29F00109B9F1DB
:103E6800000FCDE9018507D14DE029F00109B9F12D
:103E7800000FCDE9018546D00299002953D0019859
:103E880001264FF0020B00EBC108A0F108050498C9
:103E98002C461BEA000F0AD054F8080F61688A6A9A
:103EA8003146904704F108004045F5D10EE00398EB
:103EB8002C461BEA000F09D054F8080F6168CA6A3B
:103EC8003146904704F108004045F5D105981BEAB2
:103ED800000F0DD066F07F04AA465AF8080FDAF8EA
:103EE80004100A6B214690470AF108004045F4D1B6
:103EF80029EA0B095FEA094005D0701C0F2E4FEA2A
:103F08004B0B0646C3D3029969B1019800EBC10473
:103F1800A0F1080555F8080F6968C969884705F1CF
:103F28000800A042F6D101200BB0BDE8000FF0BD9B
:103F3800A7F12603304641462A46FFF789FD29F0B6
:103F48000109B9F1000FCDE9018595D1DBE740F210
:103F5800D26040F26072C2F22000C2F220021C213C
:103F680004F052F945F20801C2F20001886001200C
:103F7800BFF35F8F08707047F0B503AF4DF8048D3D
:103F88008C46816881B3C36841698B4248D2026913
:103F9800D0F818E0D45C0134D4540EF102038B42FB
:103FA8001ED80EF58074A14238BF0C469C4245D3FA
:103FB800E41A052C14D39CF80640BCF80450D454D9
:103FC80013440EF107049CF808608C429CF80780A3
:103FD8005E704FEA15269D7083F80480DE7007D95D
:103FE80002205DF8048BF0BD07205DF8048BF0BD5E
:103FF8008E451CD2072302F80E300EF101038B42C6
:104008003FBF0521D154846108203CBF5DF8048B73
:10401800F0BD40F608021846C2F2200204F03BF94F
:1040280040F618021846C2F2200204F034F940F2B1
:10403800F8727046C2F2200204F02DF940F2E872DC
:104048001846C2F22002214604F041FD00207047C4
:104058007047082070477047006804F060B90A4646
:10406800D0E9000104F0EFBC7047D0B502AF0C46B0
:10407800517A012907D1117A012902BF90F82C1031
:1040880053888B4200D0D0BD9179212904BF9188F3
:10409800072927D0208800F00D00042818BFD0BDBC
:1040A800E068092121800068BFF35F8F78B1A17CA7
:1040B800012203F0FDFAA0690068BFF35F8F0028B2
:1040C8001FBFA17F0122BDE8D04003F0F1BA40F63E
:1040D800280040F6C002C2F22000C2F220022221CB
:1040E80004F0C3F821880429CDD1E188002290F892
:1040F80004C0012390F805E00729C4F8AC208279B0
:10410800006860622046238084F8282084F829E02B
:1041180084F82AC028BF0721C4F8B010BDE8D040F1
:1041280000F0A7BED0B502AF84B00C46517A012981
:1041380007D1117A012902BF90F82C1053888B42BD
:1041480001D004B0D0BD917981B1202912D02229A3
:1041580042D11178228801F0010380F82E30062A16
:10416800C1F3400180F82F10EBD122E02088062807
:10417800E7D11EE0D4F8B010812956D206292BD9F0
:1041880094F8281094F8293094F82AE00329626AF0
:10419800B4F800C002604FF0000280F804E028BFC5
:1041A8001146052B817138BF1A46BCF1060F4271C2
:1041B800C7D1A0690168BFF35F8F59B3A27F002000
:1041C80040F6F423009002A8C2F2200303F018F985
:1041D8000820208004B0D0BD208800F00D000428FD
:1041E800AFD1E068092121800068BFF35F8F88B1F3
:1041F800A17C012203F05CFAA0690068BFF35F8F1D
:1042080000281FBFA17F012204B0BDE8D04018BF1D
:1042180003F04EBA40F6280040F6C002C2F2200071
:10422800C2F22002222104F020F840F64812084683
:10423800C2F22002802104F02BFCF0B503AF4DF848
:10424800048D84B090F82C60804600250220CDE9CA
:1042580000050C46084631460222022303F0BFFC43
:10426800C1B2082963D120463146022202230095B3
:1042780003F008FDC1B2082959D140F6581220466A
:10428800C2F220022421032303F053FBC1B2082900
:104298004DD140F65B122046C2F2200224210223AF
:1042A80003F047FBC1B2082941D10620A7F1160245
:1042B80007F8156C242198F82D60032307F8160CCD
:1042C800204607F8146C03F034FBC1B208292ED13C
:1042D8000120A7F1130227F8130C204624210323F9
:1042E80007F8116C03F025FBC1B208291FD108F1AA
:1042F80008012046FFF740FEC1B2082917D1002067
:104308003146009020460A22002303F0BBFCC1B2CC
:1043180008290CD108F120012046FFF72DFEC1B273
:10432800082904D108F114012046FFF725FE04B03E
:104338005DF8048BF0BD0021C18581710821818061
:104348004FF4FA5101607047F0B503AF2DE9000B47
:1043580084B040F6601048F2445848F24805C2F26A
:1043680020000390C2F2000808F10800C2F200051C
:1043780002A9029028460122FFF7D2FC0446002138
:10438800D5F8DC00029102A900F09EF9064695F8DE
:10439800E21098F80000022937D168B9D5F8DC0096
:1043A80002F01FFF0021D5F8DC00029102A900F0FD
:1043B80030FA012088F80000D8F81C000168BFF323
:1043C8005F8F002900F08A80002098F8222040F6AC
:1043D800D003009002A8C2F22003344303F0BCF8D3
:1043E8007CB1D8F804000122BFF35F8F00F5826426
:1043F800D4E84F1FC4E8432F002BF9D1BFF35F8FD8
:1044080091B104B0BDE8000BF0BD30B10021D5F882
:10441800DC00029102A900F0BCF9002088F8000035
:1044280004B0BDE8000BF0BDD0F80014BFF35F8FF7
:10443800D0F80824BFF35F8FD0F8043400F20445A5
:10444800BFF35F8F934205D199423EBFBFF35F8FA1
:1044580000232B60994228BF0A469A4236D0D8F8E2
:1044680028100968BFF35F8FC1B3A2EB030998F85E
:104478002E20034402A84E46B9F1400F28BF40261B
:10448800009602F0BDFF9DF8080068B12078BFF3E0
:104498005F8F0028B5D0BFF35F8F55E8000F45E860
:1044A80000010029F9D111E003982178BFF35F8F4B
:1044B8000029A6D0814538BF4846BFF35F8F55E82D
:1044C800001F014445E80012002AF8D10020BFF37C
:1044D8005F8F207004B0BDE8000BF0BD40F62800E7
:1044E80040F6C002C2F22000C2F22002222103F0EC
:1044F800BCFEF0B503AF2DE90007166889461446DF
:10450800804606F211450121BFF35F8FD5E84F0FB2
:10451800C5E8421F002AF9D1BFF35F8F18B1012007
:10452800BDE80007F0BDD6F80004BFF35F8FD6F8EA
:104538000414BFF35F8F884204D2C24311EB020A0E
:104548000BD178E0B0F5806F05D1012973D9A1F1BD
:10455800010A002001E0C0F5806A4D46CA4538BF0F
:10456800554629183044BFF35F8FC6F80C144146EE
:104578002A4604F08BFF96F81104BFF35F8F68B3E7
:10458800D6F8000406F20C41BFF35F8FBFF35F8FCC
:1045980051E8002F41E80023002BF9D1BFF35F8FCA
:1045A800B0F5806FD6F80824BFF35F8FD6F80C14E7
:1045B800BFF35F8F01D0814203D3914205D94FF4F5
:1045C8008060BFF35F8FC6F80804BFF35F8FC6F83B
:1045D80000140020BFF35F8F86F81104CA456FD21C
:1045E800246808EB0501A9EB0502012304F2114533
:1045F800BFF35F8FD5E84F0FC5E8463F002EF9D1CE
:104608000028BFF35F8F7FF48AAFD4F80004BFF3AC
:104618005F8FD4F80434BFF35F8F984203D2C64348
:104628009B1912D107E0B0F5806F0CD1012B02D98C
:10463800013B002009E000200021BFF35F8F2970B3
:10464800BDE80007F0BDC0F58063934238BF1A4645
:1046580013182044BFF35F8FC4F80C3404F016FF1E
:1046680094F81104BFF35F8F50B3D4F8000404F238
:104678000C41BFF35F8FBFF35F8F51E8002F41E814
:104688000023002BF9D1BFF35F8FB0F5806FD4F80A
:104698000824BFF35F8FD4F80C14BFF35F8F01D0E9
:1046A800814203D3914205D94FF48060BFF35F8FF5
:1046B800C4F808040320BFF35F8FC4F80014BBE7F5
:1046C8000320BDE80007F0BDF0B503AF4DF804BD09
:1046D80082B0044690F83400C8B12068002852D14E
:1046E8004FF0FF30224642F8200B68460968CDE9B2
:1046F800001201F034FA40B36D46284601F03FFA43
:10470800284601F02CFA0028F7D1012622E00E688D
:1047180003F01DFD054603F010FD206898BB4FF01F
:10472800FF30214641F8200B6846CDE9006101F0D1
:1047380016FAB8B16E46304601F021FA304601F05B
:104748000EFA0028F7D1012611E0684601F0C5F9F4
:1047580080F00106206801302060304602B05DF824
:1047680004BBF0BD684601F0B8F980F00106206886
:1047780001302060E80708BF03F0E1FC304602B0D2
:104788005DF804BBF0BD40F60420C2F2200003F03F
:1047980007FDF0B503AF4DF804BD82B0044690F8AC
:1047A800340098B1206870BB4FF0FF300968206072
:1047B80004F1200001906846009101F098F9206802
:1047C8000130206002B05DF804BBF0BD0E6803F054
:1047D800BEFC054603F0B1FC2068A0B94FF0FF30DD
:1047E8000096206004F120000190684601F07FF9EE
:1047F800206801302060E80708BF03F0A0FC02B081
:104808005DF804BBF0BD40F60420C2F2200003F0BE
:10481800C7FCF0B503AF4DF804BD82B0044690F86C
:104828003400C0B12068C0BB4FF0FF30224642F8C8
:10483800200B68460968CDE9001201F0C4F9002888
:104848001CBF684601F03DF920680130206002B0C5
:104858005DF804BBF0BD0E6803F079FC054603F073
:104868006CFC2068C8B94FF0FF30214641F8200B96
:104878006846CDE9006101F0A6F900281CBF68462A
:1048880001F01FF9206801302060E80708BF03F035
:1048980056FC02B05DF804BBF0BD40F60420C2F23D
:1048A800200003F07DFCF0B503AF4DF804BD82B0E5
:1048B80000228029019203D28DF80410012434E0EB
:1048C800B1F5006F09D202240A4664F39F128DF8ED
:1048D8000520C02242EA911125E002220B4662F32C
:1048E8009F13B1F5803F0DD28DF806308B0962F326
:1048F8009F13E02242EA11318DF805308DF804103B
:10490800032412E08DF807308B0962F39F138DF8AA
:1049180006300B0B042462F39F13890C1E228DF8BA
:10492800053062F3DF018DF80410066803F0F5FB2B
:104938000546B068B8B94FF0FF3006F10C02B06018
:1049480001A82146FFF7D5FD0446B0680130B060E4
:10495800284603F0EDFBE0B2033818BF012002B08F
:104968005DF804BBF0BD40F6CC20C2F2200003F095
:1049780017FC0A4640F61421C2F2200103F0D4BC09
:104988007047F0B503AF2DE9000748F29052D1F80F
:104998000080C2F200021368B8EB030218BF0122BC
:1049A800984538BF4FF0FF32531C1CBFD2B2002AC3
:1049B80029D142685AB300680025D1E9019A061D39
:1049C80002EB4200840005E00C3C06F10C0605F100
:1049D800010518D030685045F6D156F8040C494600
:1049E800524604F05BFD0028EED170680021804536
:1049F800A0F10600B0FA80F098BF012140090843F1
:104A0800BDE80007F0BD0020BDE80007F0BD0120AB
:104A1800BDE80007F0BDF0B503AF2DE9000F93B076
:104A2800019048F29050C2F200008946D1F820A0C7
:104A38000168BAEB010018BF01208A4538BF4FF062
:104A4800FF30411C1CBFC0B2002822D10199486820
:104A580018B3096800EB4000D9E909B54FF0000820
:104A68000C1D860005E00C3E04F10C0408F1010859
:104A78000FD02068A842F6D154F8040C59462A46AB
:104A880004F00CFD0028EED16068062818BF8245A6
:104A980005D913B0BDE8000FF0BDD9E909B50198F3
:104AA80040F614210290002007900420049040F65C
:104AB8003420C2F2200003AA03900320069009A81C
:104AC800059041F6A950C0F20000C2F220010E90F4
:104AD80012A80D9041F6AF50C0F20000CDF83CA0EE
:104AE8000C9010A80B9043F2AF10C0F20000CDE973
:104AF80010B50A900FA8099009F12C00129002A88D
:104B080003F012FC13B0BDE8000FF0BD7047F0B51C
:104B180003AF4DF8048D15460E46046803F0FDFA00
:104B28008046A068B0B94FF0FF3004F10C02A060D5
:104B380030462946FFF7DDFC0546A0680130A06035
:104B4800404603F0F5FAE8B2033818BF01205DF8D3
:104B5800048BF0BD40F6CC20C2F2200003F020FB0D
:104B6800D0B502AF48F27C520C46D1E90113C2F22B
:104B780000024FF0000CD06082E80A1040F6DC21F9
:104B8800C2F22001104600F07CFC002801BF216819
:104B980048F29052C2F200021160D0BDD0B502AF07
:104BA80084B004460088062812D1A0690168BFF3C2
:104BB8005F8F81B10020A27F40F6F423009002A805
:104BC800C2F2200302F01CFC0820208004B0D0BDF3
:104BD800072004B0D0BD40F6280040F6C002C2F25B
:104BE8002000C2F22002222103F03FFBF0B503AF00
:104BF8004DF804BD86B0044608880D46411E0329B9
:104C080028D3052826D0072836D1D5F8AC00D5F802
:104C1800063069898128D5F80220ADF80C10CDE955
:104C2800012372D2E9680968BFF35F8F002961D058
:104C3800C0F18003AA7C2844009300F1240304A84F
:104C480002F08AFC9DF8100000283ED09DF8110063
:104C580008BB34E0E8680168BFF35F8F002949D0DA
:104C6800AA7C40F6F42304A80026C2F2200300968A
:104C780002F072FC2E8022E0E8680168BFF35F8FC3
:104C8800C1B30020AA7C40F6F423009004A8C2F225
:104C9800200302F061FCE868092129800068BFF35D
:104CA8005F8F38B3A97C012202F002FDA869006871
:104CB800BFF35F8FF0B1A97F012202F0F9FC042055
:104CC800607206B05DF804BBF0BD0598D5E92B12FB
:104CD8000844C5F8AC009042F1D3DDE90101062390
:104CE800BDF80C202B8020606160228106B05DF841
:104CF80004BBF0BD40F6280040F6C002C2F2200016
:104D0800C2F22002222103F0B0FA40F66C32802170
:104D1800C2F2200203F09DFEF0B503AF2DE9000FAB
:104D280085B00446C8680D460168BFF35F8F002947
:104D380000F08B8005F124068020AA7C009002A850
:104D4800334602F009FC9DF8080018B19DF80900E7
:104D580060B921E0039A812A80F0828002A8314656
:104D680002F0C9FD9DF8110004281BD1E86809214B
:104D780029800068BFF35F8F002866D0A97C0122D4
:104D880002F096FCA8690068BFF35F8F00285CD02A
:104D9800A97F012202F08CFC0420607205B0BDE8F6
:104DA800000FF0BDE868BDF810A09DF80F609DF8F1
:104DB8000E90BDF80CB0DDF808800068BFF35F8F77
:104DC800002842D0A97C002202F072FCBEB1042067
:104DD800A5F80AA06E7285F80890A5F806B0C5F87F
:104DE80002802880A4F808A0E67184F80690A4F848
:104DF80004B0C4F8008005B0BDE8000FF0BDBBF1F9
:104E0800000F11D0BBF1800FB0D80020A5F80AA080
:104E1800C5E92B0B6872072085F80890A5F806B03D
:104E2800C5F802802880B7E70620A4F808A02880E3
:104E38000020C5F8B000E07184F80690A080C4F89E
:104E4800008005B0BDE8000FF0BD40F6280040F630
:104E5800C002C2F22000C2F22002222103F005FAA9
:104E680040F67C331046C2F2200380211A4603F034
:104E78000FFEB0B502AF84B00446D0E92951D0F88E
:104E8800AC00D4F8B0C0002DA38BAE46ACEB00024A
:104E980008BF04F1240E9A4238BF1346002D03EBD5
:104EA800000C08BF80219C4525D38C452AD8A169D0
:104EB8000968BFF35F8F61B3A27F00930EEB000315
:104EC80002A802F09DFA9DF8080008B104B0B0BD30
:104ED8000398D4E92B120144C4F8AC109142F5D3DD
:104EE8000021A28BC4F8A4100321904208BF02211C
:104EF800218004B0B0BD40F68C326146C2F2200277
:104F080003F0E5FD40F68C326046C2F2200203F061
:104F1800BFFD40F6280040F6C002C2F22000C2F2EF
:104F28002002222103F0A1F9B0B502AF84B00446F3
:104F380000880138072834D8DFE800F0040B243350
:104F48003333334B2046FFF794FF0025284604B03F
:104F5800B0BDA0690168BFF35F8F00293FD0A27F71
:104F680040F6F42302A80025C2F22003009502F0BF
:104F780047FA9DF80800002804BF0320208028462F
:104F880004B0B0BDE0680068BFF35F8F38B3A17CA0
:104F98000022002502F08CFB05202080284604B062
:104FA800B0BDE068092121800068BFF35F8FB0B110
:104FB800A17C012202F07CFBA0690068BFF35F8F2F
:104FC80068B1A17F012202F073FB0025284604B0D6
:104FD800B0BD002001252080284604B0B0BD40F6B1
:104FE800280040F6C002C2F22000C2F220022221AC
:104FF80003F03BF9D0B502AF0446008800F00D007D
:10500800042815D1E068092121800068BFF35F8F6B
:1050180080B1A17C012202F04BFBA0690068BFF3BC
:105028005F8F38B1A17F012202F042FB0820D0BD7A
:105038000720D0BD40F6280040F6C002C2F220008A
:10504800C2F22002222103F010F9F0B503AF4DF8A7
:1050580004BD04460088042806D14D68802D07D970
:1050680002205DF804BBF0BD07205DF804BBF0BD6D
:10507800096804F124002A46E68804F007FA0020AB
:10508800B54238BF2E46C4E92B06012020802046B1
:10509800FFF7EFFE08205DF804BBF0BDF0B503AFE5
:1050A8002DE9000788B004460088042848D1D1E9D2
:1050B800000680228D680021059204F124020691E1
:1050C80004928DF81C100291009101686846B4F8AA
:1050D800068002F00FFDC1B208292DD18DB106EB73
:1050E800C505E9464FF0000AD6E90001CA684946F5
:1050F8009047C1B208291FD10836CDF808A0AE42A2
:10510800F2D1684602F05BFD069880281DD9E06858
:10511800092121800068BFF35F8F30B3A17C012291
:1051280002F0C6FAA0690068BFF35F8FE8B1A17FFB
:10513800012202F0BDFA022008B0BDE80007F0BD68
:10514800072008B0BDE80007F0BD404538BF8046DD
:105158000120002120802046C4E92B18FFF789FE92
:10516800082008B0BDE80007F0BD40F6280040F66A
:10517800C002C2F22000C2F22002222103F075F818
:10518800B0B502AF88B00446008804282DD1D1E913
:1051980000120020802306908DF81C0002900090D9
:1051A8006846059304F12403E588049302F0F0FDB2
:1051B800C1B2082917D10698802819D9E0680921B1
:1051C80021800068BFF35F8F00B3A17C012202F049
:1051D8006FFAA0690068BFF35F8FB8B1A17F0122A1
:1051E80002F066FA022008B0B0BD072008B0B0BDD2
:1051F800A84238BF05460120002120802046C4E986
:105208002B15FFF736FE082008B0B0BD40F6280081
:1052180040F6C002C2F22000C2F22002222103F0AE
:1052280024F8F0B503AF2DE9000B8CB08146008857
:10523800042827D100200D46079080218DF82000F2
:10524800164603900190099001A80B9009A80691B1
:1052580009F12401B9F80680059102F056FEC1B2A1
:1052680008290BD1F40009AE8CB1F5E802010A69EE
:1052780031469047083CC1B20829F5D00CB0BDE8CA
:10528800000BF0BD07200CB0BDE8000BF0BD09A86D
:1052980002F00AFF079880281DD9D9F80C000921C7
:1052A800A9F800100068BFF35F8F28B399F81210AF
:1052B800012202F0FDF9D9F818000068BFF35F8FEA
:1052C800D0B199F81E10012202F0F2F902200CB0B8
:1052D800BDE8000BF0BD404538BF804601200021E5
:1052E800A9F800004846C9E92B18FFF7C2FD0820B5
:1052F8000CB0BDE8000BF0BD40F6280040F6C00237
:10530800C2F22000C2F22002222102F0AEFFB0B5A4
:1053180002AF8AB004460088042833D100208021D7
:105328000790A7F10A028DF820000223039001904C
:1053380040F20940069104F1240127F80A0C01A85B
:1053480005910321E58802F0F4FAC1B2082917D1C2
:105358000798802819D9E068092121800068BFF3DF
:105368005F8F00B3A17C012202F0A2F9A069006856
:10537800BFF35F8FB8B1A17F012202F099F9022033
:105388000AB0B0BD07200AB0B0BDA84238BF054674
:105398000120002120802046C4E92B15FFF769FD74
:1053A80008200AB0B0BD40F6280040F6C002C2F29C
:1053B8002000C2F22002222102F057FFB0B502AF4E
:1053C80088B00446008804282CD10968002080226F
:1053D80006908DF81C00029000906846059204F132
:1053E8002402E588049202F0EEFAC1B2082917D126
:1053F8000698802819D9E068092121800068BFF340
:105408005F8F00B3A17C012202F052F9A069006805
:10541800BFF35F8FB8B1A17F012202F049F90220E2
:1054280008B0B0BD072008B0B0BDA84238BF0546D7
:105438000120002120802046C4E92B15FFF719FD23
:10544800082008B0B0BD40F6280040F6C002C2F2FD
:105458002000C2F22002222102F007FF70470068F4
:1054680040F6D432C2F220020B4652F8301002EB5A
:10547800C0004268184603F0ABB900207047704777
:10548800704780B56F4648F28C5EC2F2000E5EE847
:10549800003F53B94FF0010CBFF35F8F4EE800C2D5
:1054A8002AB15EE8003F002BF8D0BFF32F8FBFF37F
:1054B8005F8F13B1012B1ED02AE044F2C422C2F23E
:1054C8000002C2E900010220BFF35F8FCEF800009E
:1054D8000020BFF35F8F80BD10BFDEF80000BFF370
:1054E8005F8F012801BF10BFDEF80000BFF35F8F98
:1054F80001280DD110BFDEF80000BFF35F8F01282F
:1055080001BF10BFDEF80000BFF35F8F0128E3D0B2
:10551800012080BDF0B503AF2DE9000F91B0D7F899
:1055280008C0BCF1000F41D148F28C5692E8000B3C
:10553800C2F20006D2E903455269D6F800E044F207
:10554800C426BFF35F8FC2F20006D6E900CA00F195
:105558000806CDE9065208AACDE903B4BEF1020F48
:1055680070CE82E802034FF00001D0E90082406962
:1055780010900DA870C04FF00100009040F69C30CC
:10558800C2F220000591CDE901316946CDE90B82CF
:1055980008BF5046026940F69C30C2F2200008BF9E
:1055A8006046904711B0BDE8000FF0BD40F60440DA
:1055B80040F6CC42C2F22000C2F22002552102F08D
:1055C80054FE40F22762914238BF0A46B2F5487F3E
:1055D80098BF4FF44872A2F5487144F2AF7300685F
:1055E8008AB25A43C368A1EB124189B2490801EB58
:1055F800124123F01F0242EA1111C16004E0016860
:10560800B1F1FF3FD8BF70470168002905D4016890
:1056180000295CBF01680029F1D57047F0B503AFD8
:105628002DE9000B44F2E043C4F21F031B68C3F3E7
:105638000B2E4FEA135CE6451FBF0124C1F88841D1
:10564800DBB24FF47A781FBF03FB08F9ACEB0E040A
:10565800D1F8906149F658651FBFCFF6FF7513FB67
:10566800085393FBF4F3C2EA06021FBFC1F8902166
:1056780080E80A40C0F80C90BDE8000B18BFF0BDE8
:1056880040F6E04040F67C52C2F22000C2F220020E
:10569800192102F0EAFDB0B502AF054608680C46CC
:1056A80040F480300860086840F04000086022201C
:1056B80063F31340486040F26850C0F20C1008626F
:1056C80040F29510C0F2B2004862DC20C0F27A00C5
:1056D80088627D20C0F25800C8624B20C0F24000AA
:1056E80008632F20C0F22E004863886346F6201016
:1056F800C86040F6A31088604FF4C840C8614FF4F2
:10570800C860886140F6C410C0F6804008613F2038
:105718004861086820F0030010430860086820F416
:1057280080300860C86F4021281D03F0B1FE1020AA
:105738002C606864B0BD80B56F4600684FF40051B6
:105748004FF480524FF0400C4FF4803E00E041612E
:1057580003699B04FBD50369DB0401D44261F7E7C5
:105768000369B3F1FF3FF3DC0369DB0306D4036984
:105778005B0648BF80BDC0F814C0E9E7C0F818E070
:10578800E6E7D4D40378D1F800C0DFE803F00407D3
:105798000A0D101316190CF1680C13E00CF16C0CBF
:1057A80010E00CF1700C0DE00CF1740C0AE00CF137
:1057B800780C07E00CF17C0C04E00CF1800C01E0A3
:1057C8000CF1840C40780321DCF800304000C0B2B2
:1057D800824001FA00F023EA00001043CCF80000F0
:1057E8007047006803E0816C002908BF7047816C2E
:1057F80029B1816C00291CBF816C0029F3D1704745
:105808000068426D22F00302114341657047F0B50C
:1058180003AF2DE90007ADF5047D6D4680462846A7
:105828004FF4007103F034FE44F2CC29A5F11006C0
:10583800C2F200090DF5007A00244D46D9E960014D
:10584800CDE9820150468194809502F040FC80ABFE
:1058580001340C35202C0FCB46F8100F06F104004C
:105868000EC0EBD1694640464FF4007203F014FEB7
:105878000DF5047DBDE80007F0BDF0B503AF2DE9D7
:10588800000F85B0019001204FF0080C4FF0000E7A
:105898004FF0FF334FF0200900254FF0010A09E0CF
:1058A8000CF1010C09F104094FF4005A0020BCF175
:1058B800210F6FD0C007F3D00AF101000AFB0CFBDF
:1058C8004FF000080CFB00F004900AF102000CFBFA
:1058D80000F003900AF103000CFB00F002901BEBB0
:1058E800080065D0B1FBF0F01446904238BF04467A
:1058F80098BF1046001B98423EBFE64655460346F1
:105908000AF10100B0F5005FCAD0049C14EB08044A
:105918004ED0B1FBF4F41646944238BF264698BFE1
:105928001446A41B9C423EBFE6460546234601306A
:10593800B0F5005FB4D0039C14EB080438D0B1FB79
:10594800F4F41646944238BF264698BF1446A41B62
:105958009C423EBFE646054623460130B0F5005F4F
:105968009ED0029C14EB080422D0B1FBF4F4164636
:10597800944238BF264698BF1446C844A41B00F179
:10598800010A9C423EBFE64605462346BAF5005F3B
:10599800A5D185E72EF0030001990438B0FA80F00C
:1059A800C1E900E54009087205B0BDE8000FF0BD87
:1059B80040F6106040F62C62C2F22000C2F22002CB
:1059C800192102F052FCF0B503AF2DE9000B844613
:1059D8004668C8B24D0045EAD014E0B2864217D9ED
:1059E800DCF8189004F00F04D7F80880012606FAAE
:1059F80004FEBFF35F8F59E8006F46EA0E0449E8DA
:105A08000045002DF7D116EA0E0FBFF35F8F03D0C4
:105A18000020BDE8000BF0BDDCF80CE0864542D95B
:105A2800DCF814E0864545D9DCF800601D46B3F57E
:105A3800806F06EB8014266846F0005626602668BC
:105A480028BF4FF480656FF31A4646EA054626607C
:105A580026685FEA0865DCF808E026F40049DCF807
:105A680010C04EB24D4608BF05F50045B6F1FF3FE0
:105A7800D8BF4D462560450101264EF805600EEB5E
:105A8800401600EB8000756825F0FF0575604CF83E
:105A980020200CEB80000174011D80F8118058C192
:105AA800BDE8000BF0BD40F6D0627146C2F220029C
:105AB80002F0F1FB40F6E0627146C2F2200202F009
:105AC800EAFBD0E900018C220968002808BF84227B
:105AD800885840F0004088507047D0E900018C2277
:105AE8000968002808BF84228858C00F7047D0E989
:105AF80000018C220968002808BF8422885820F0F9
:105B0800004088507047D0E900018C2209680028BD
:105B180008BF8422885840F0804088507047D0E9F8
:105B280000028C231268002808BF8423D05820F074
:105B3800807040EA0160D0507047D0E900028823A5
:105B4800002808BF80236FF07F401268814238BF69
:105B58000846012898BF01200138D0507047D0E985
:105B680000014FF0007209680028D1F8441108BFFD
:105B78004FF0807211EA020018BF01207047D0E987
:105B880000014FF000720968002808BF4FF08072CA
:105B9800C1F844217047D0E900024FF00073126841
:105BA800002808BF4FF080736FF00070D2F848C12A
:105BB80008BF6FF08070002900EA0C0018BF184376
:105BC800C2F848017047D0E900014FF00072096837
:105BD8000028D1F8481108BF4FF0807211EA02007E
:105BE80018BF0120704780B56F46D0E9072E4FF0E7
:105BF800004C4FF08043CEF834C0CEF838C0CEF811
:105C080038300023CEF800300223C2F84031D2F8F1
:105C180040319B070CD5D2F840319B0744BFD2F8DE
:105C280040315FEA837303D5D2F840319B07EED445
:105C38004FF0000C0A23C2F840C10029C2F8A8316D
:105C4800D2F8843123F0807308BF03F18073C2F85F
:105C58008431D2F844110068C2F84411C2F848C12E
:105C6800C2F8580180BDD4D4F0B503AF2DE90007C0
:105C78009AB00446C069D0F8B811C0F8B811E06904
:105C8800D0F8BC11C0F8BC11E069D0F87811C0F8A0
:105C980078110021E069C0F87C11E069D0F8B011F2
:105CA80059B1D0F8B01100291CBFD0F8B0110029A3
:105CB80003D0D0F8B0110029F0D14FF0FF31C0F86F
:105CC800B411E069D0F8B41159B1D0F8B411002971
:105CD8001CBFD0F8B411002903D0D0F8B4110029A2
:105CE800F0D100250DF10409082009F14006CDE99D
:105CF8000650012009F1100A0DF14808059000200E
:105D080010940C9508950395019538E0007C10F0E7
:105D18007F0104D151E0007C10F07F0136D0E269A8
:105D28001191013906294CD8DFE801F004070A0D62
:105D38001013160002F5E27110E002F5E4710DE0AF
:105D480002F5E6710AE002F5E87107E002F5EA718A
:105D580004E002F5EC7101E002F5EE7140B2B0F139
:105D6800FF3F4FF400206FF40C03C8BF08200A68F7
:105D7800C8BF6FF08C031A40104308600198129650
:105D880000281EBF029802950028C4D105980195E5
:105D980002280AD0504641464A4600F0E1FE20B1AA
:105DA800007C10F07F01BAD1E8E70398019500283C
:105DB8001EBF049804950028A8D11AB0BDE80007B2
:105DC800F0BD002041F2DC0116900220139041F250
:105DD8005C00C2F22000C2F220011290012015904E
:105DE80018A8149046F63550C0F20000199011A872
:105DF800189012A802F024FA02464368C8B2490073
:105E080041EAD011C8B2834217D9936901F00F0152
:105E18001B68BFF35F8F9BB223FA01F1C9070CD04F
:105E28005169814284BF0120704780B56F4640F6B2
:105E3800B062C2F2200202F02EFA00207047F0B5DC
:105E480003AF2DE9000F83B08046486800281FBFC4
:105E580088690068BFF35F8F5FEAC0700AD140F6B7
:105E6800F06040F69072C2F22000C2F220022B21AC
:105E780002F0FBF94869002800F015819A4651F8AC
:105E88001C3F0125BAF1080F51F80C0CD3F8AC618E
:105E980090F9104004F01F0C05FA0CF56ED32E4053
:105EA8006CD0D0F808C0C3F8AC51D3F8405145F4D1
:105EB8000055C3F84051DCE90A45D3F84061B604FF
:105EC80025D4D3F8406146F40056C3F84061DCE9B4
:105ED8000A45D3F84061B6045FBFD3F8406146F481
:105EE8000056C3F84061DCE90A455CBFD3F840615D
:105EF8005FEA86460BD4D3F8406146F40056C3F8EF
:105F08004061DCE90A45D3F84061B604CDD5D3F841
:105F1800406126F40056C3F8406190F910C0D3F8E8
:105F2800B8615560BCF1000F14600CF01F024FF00F
:105F3800010548BF360C95402E40360614D14FF463
:105F48008036BCF1FF3FC8BF01264FF47F0506FA33
:105F580002F2C8BFFF252A40C3F878218268126878
:105F6800C2F30A4200F0E4FE0820C8F8040000204A
:105F780088F8000003B0BDE8000FF0BDC668766879
:105F880016F0680F01D0072008E0D3F8B861002C9C
:105F980048BF360C2E40360609D0002088F801008C
:105FA800012088F8000003B0BDE8000FF0BD4FF4F1
:105FB80080354FF47F06B4F1FF3FC8BF0125C8BF45
:105FC800FF2605FA0CF52E40C3F8BC6190F9106065
:105FD8004FF4803E4FF47F04B6F1FF3F06F01F06F2
:105FE800C4BFFF244FF0010E0EFA06F62640C3F890
:105FF8007861C668D0E9013CDCF800507468F6693D
:10600800C5F30A45554538BFAA46C4F30E45761B65
:10601800B24528BFB2469A4528BF9A46BAF1000F42
:1060280038D0D0F800B00AF00306BAF1040F01D254
:10603800002420E0CDE9016C40F2FC740AEA04096E
:1060480002F1010C00240BEB04031BF804500CEBC9
:10605800040693F801E00CF804E00434A14593F831
:1060680002E006F8015C86F801E0DB78B370EAD15B
:10607800DDE9016CA3446EB19BF80030012E135585
:1060880008D022449BF80130022E53701CBF9BF8A5
:1060980002309370DCF80020C2F30A4200F048FE98
:1060A800C8F804A063E740F6C0620020C2F22002EC
:1060B800002102F0F0F8F0B503AF2DE9000F83B02E
:1060C800834648680228C0F02581886988460068A8
:1060D800BFF35F8F800740F11D81D8F814100129A4
:1060E80040F20981D8F81000016A496811F0680F78
:1060F80001D0072014E09A4690F82430C1460121C7
:1061080059F81CCF5DB203F01F03002DDCF8B8412D
:1061180001FA03F148BF240C2140090609D00020E8
:106128008BF8010001208BF8000003B0BDE8000FD8
:10613800F0BD4FF48031B5F1FF3FC8BF01214FF4E6
:106148007F0501FA03F1C8BFFF252940CCF8781173
:1061580000F11406D0E906010968C1F30A41514566
:1061680038BF8A46824528BF8246BAF1000F65D0FB
:10617800CDF808900AF0030CD6F80090BAF1040F95
:1061880002D200214B4619E040F2FC700AEA000EE8
:10619800501C002101964618445C16F8013C75789D
:1061A800B67809F8013009EB010304318E455C70BB
:1061B8009D70DE70EFD1019E09EB0103BCF1000F69
:1061C8000CD0505CBCF1010F187007D08818BCF1D6
:1061D800020F417859701CBF80789870AAF10100AD
:1061E800012101EB501505F0030401F0AAFF4EF65A
:1061F800707029F01F01CEF20000BAF1610F02D2CF
:10620800DDF8089011E0DDF8089025F0030201F1AF
:1062180020030160036001F14003036001F16003A2
:10622800043A01F180010360F1D1002C1CBF016028
:10623800012C58D101F085FF01F086FF3046494610
:10624800524600F075FDD8F8040000281FBFD8F8A2
:1062580018000068BFF35F8F5FEAC07065D0D8F898
:10626800140000284ED0D8F810000125D8F81C10CA
:10627800027CD1F8B86153B202F01F02002B48BF6C
:10628800360C95402E40360624D1B3F1FF3F4FF42B
:106298008033C8BF01234FF47F0403FA02F2C8BF5A
:1062A800FF242240C1F8BC2190F910204FF4803619
:1062B8004FF47F05B2F1FF3F02F01F02C4BFFF2574
:1062C800012606FA02F22A40C1F87821494600223E
:1062D80000F02EFD0020CBF804A08BF8000003B0DE
:1062E800BDE8000FF0BD01F120020260022C1CBFC6
:1062F800403101609EE740F6C0620120C2F22002F0
:1063080001F0C9FF40F6C0620020C2F2200200215D
:1063180001F0C1FF40F6F06040F6A072C2F2200022
:10632800C2F220022B2101F0A0FF40F6F06040F6F7
:10633800B072C2F22000C2F220022B2101F095FFB8
:10634800F0B503AF2DE9000F83B08146387A98463F
:106358000B464E68410041EAD011C8B2864240F26D
:10636800C4809E6901F00F013668BFF35F8FB6B233
:1063780026FA01F1C90700F0B8805969814240F254
:10638800AE80196900EB800001EB8000C1684968A4
:1063980011F0680F01D0072012E01946057C51F86A
:1063A8001CCF05F01F0E6CB20125DCF8B86105FAA8
:1063B8000EF5002C48BF360C35402D0609D00020BC
:1063C80089F80100012089F8000003B0BDE8000F3A
:1063D800F0BD9B8D04F00F05EB40DB07EFD0B4F167
:1063E800FF3F4FF480344FF47F06C8BF0124C8BF75
:1063F800FF2604FA0EF42640CCF8BC6190F9106030
:106408004FF480334FF47F05B6F1FF3F06F01F06C7
:10641800C4BFFF250123B3402B40CCF87831C668B0
:10642800D0E9013CDCF800507468F669C5F30A4508
:10643800454538BFA846C4F30E45761BB04528BF6E
:10644800B046984528BF9846B8F1000F38D0D0F824
:1064580000B008F00305B8F1040F01D2002620E0CF
:10646800CDE9015C40F2FC7408EA040A02F1010C6F
:1064780000260BEB06031BF806500CEB060493F8FA
:1064880001E00CF806E00436B24593F802E004F89F
:10649800015C84F801E0DB78A370EAD1DDE9015CF6
:1064A800B3446DB19BF80030012D935508D03244A8
:1064B8009BF80130022D53701CBF9BF8023093707B
:1064C800DCF80020C2F30A4200F032FC0020C9F8D0
:1064D800048089F8000003B0BDE8000FF0BD40F665
:1064E800C062C2F2200201F0D6FE40F6F06040F62B
:1064F800C072C2F22000C2F220022B2101F0B5FEC8
:10650800F0B503AF2DE9000F81B08146387A98467F
:106518008B464B68410041EAD011C8B2834240F231
:10652800CF80DBF8183001F00F011B68BFF35F8FD5
:106538009BB223FA01F1C90700F0C280DBF81410FE
:10654800814240F2B780DBF8101000EB800001EBCD
:10655800800ADAF80C00406810F0680F01D00720B4
:1065680012E09AF8101001255BF81C0F4BB201F0ED
:106578001F01D0F8B841002B05FA01F548BF240CDB
:1065880025402D0609D0002089F80100012089F84E
:10659800000001B0BDE8000FF0BD4FF48035B3F145
:1065A800FF3FC8BF01254FF47F0305FA01F1C8BFBB
:1065B800FF231940C0F87811DAE901010968C1F32D
:1065C8000A41414538BF8846804528BF8046B8F112
:1065D800000F59D0DAF8004008F00306B8F1040FAC
:1065E80002D20021234618E040F2FC7008EA000EAF
:1065F800501C002100964618455C16F8013C96F898
:1066080001C0B6786354631804318E455D7083F811
:1066180002C0DE70EFD1009E631856B1505C012EA7
:10662800187006D08818022E417859701CBF8078DF
:106638009870A8F10100012101EB501606F003053E
:1066480001F07FFD4EF6707024F01F01CEF20000BD
:10665800B8F1610F0FD326F0030201F120030160A6
:10666800036001F14003036001F16003043A01F1A2
:1066780080010360F1D1002D1CBF0160012D11D1F3
:1066880001F05FFD01F060FD50465946424600F0BA
:106698004FFBC9F80480002089F8000001B0BDE86C
:1066A800000FF0BD01F120020260022D1CBF403135
:1066B8000160E5E740F6C062C2F2200201F0EBFD9E
:1066C80040F6F06040F6D072C2F22000C2F220021A
:1066D8002B2101F0CAFDD4D4B0B502AF8AB08446EC
:1066E8004568D0B2530043EAD013D8B2854240F28D
:1066F8008980DCF8185003F00F032D68BFF35F8F13
:10670800ADB225FA03F3DB0700F07C80DCF8143027
:10671800834240F270805CF81CEF00EB80005CF86C
:106728000C3C03EB8000047C04F07F030193072BEF
:1067380000F2738064B2DFE803F0041C0A1016222A
:1067480028360EF5E0731D68002C31D522E00EF5D1
:10675800E4731D68002C2BD51CE00EF5E6731D684C
:10676800002C25D516E00EF5E8731D68002C1FD502
:1067780010E00EF5E2731D68002C19D50AE00EF53D
:10678800EA731D68002C13D504E00EF5EC731D6840
:10679800002C0DD525F4803461F3104452B2002A40
:1067A8001C600CD51BE00EF5EE731D68002CF1D4AF
:1067B80025F001040C4452B2002A1C600FD471B9B0
:1067C800DEF8B811012390F91020002A02F01F0208
:1067D80048BF090C03FA02F21140090601D00AB0B9
:1067E800B0BD81680968C1F30A4261460AB0BDE8D4
:1067F800B04000F09DBA40F6C0621946C2F22002CD
:1068080001F049FD40F6F06040F6E072C2F2200067
:10681800C2F220022B2101F028FD002041F2DC0108
:1068280006900220039041F25C00C2F22000C2F2FE
:10683800200102900120059008A8049046F63550E2
:10684800C0F20000099001A8089002A801F0F8FC25
:1068580080B56F468AB002464368C8B2490041EA2B
:10686800D011C8B283424AD9936901F00F011B685D
:10687800BFF35F8F9BB223FA01F1C9073FD051697B
:10688800814236D9136900EB8000D16903EB80009F
:10689800007C00F07F020192072A3BD840B2DFE873
:1068A80002F00410070A0D13161901F5E07113E040
:1068B80001F5E47110E001F5E6710DE001F5E8710C
:1068C8000AE001F5E27107E001F5EA7104E001F57B
:1068D800EC7101E001F5EE7109684FF48032B0F116
:1068E800FF3FC8BF012211EA020018BF01200AB009
:1068F80080BD40F6B062C2F2200201F0CCFC40F646
:10690800F06040F6F072C2F22000C2F220022B21A1
:1069180001F0ABFC002041F2DC010690022003905C
:1069280041F25C00C2F22000C2F220010290012074
:10693800059008A8049046F63550C0F2000009906A
:1069480001A8089002A801F07BFCD4D4F0B503AFED
:106958002DE9000F9BB00DF1080A0026082100F16F
:106968001C040AF140080AF1100B0DF14C09CDE99D
:10697800076101211190CDE9010600200D960996C5
:10698800069104963FE0017C11F07F0204D159E0A2
:10699800017C11F07F023ED023681292013A062A48
:1069A80000F2C380DFE802F004070A0D1013160096
:1069B80003F5E27210E003F5E4720DE003F5E67208
:1069C8000AE003F5E87207E003F5EA7204E003F56C
:1069D800EC7201E003F5EE72407C49B21368B1F144
:1069E800FF3F08DD00F00F0023F00C0141EA8000B2
:1069F80040F0C00005E023F44C0141EA804040F437
:106A0800400010600298CDF84C8000281EBF039803
:106A180003960028BCD10698029602280AD0584648
:106A28004946524600F09CF820B1017C11F07F02E3
:106A3800B2D1E7E70498029600281EBF059805968C
:106A48000028A0D10198002611900820CDE9076000
:106A580001200DF14C09069000200D960996049628
:106A6800029600E00298CDF84C8000281EBF0398DB
:106A7800039600281BD10698029602280AD0584689
:106A88004946524600F06CF820B1017C11F07F02B3
:106A980011D139E00498029600281EBF0598059682
:106AA80000283ED0017C11F07F0204D139E0017C3E
:106AB80011F07F02DFD023681292013A062A34D8F7
:106AC800DFE802F004070A0D1013160003F5E2725E
:106AD80010E003F5E4720DE003F5E6720AE003F551
:106AE800E87207E003F5EA7204E003F5EC7201E0EE
:106AF80003F5EE724BB21268B3F1FF3F4FF4000397
:106B0800C8BF80231A42ADD049B2B1F1FF3FA9DD19
:106B180081680968C1F30A42214600F009F9029820
:106B2800A1E71BB0BDE8000FF0BD002041F2DC0179
:106B380017900220149041F25C00C2F22000C2F2C9
:106B4800200113900120169019A8159046F635508B
:106B5800C0F200001A9012A8199013A801F070FB57
:106B6800F0B503AF2DE9000F85B0C16800291CBF3F
:106B7800D0E904138B4271D102AE84464ACE4CF858
:106B8800101F0168C0E90536002950D0D0E90191ED
:106B9800894501914BD200F118044FF0010E4FF0D6
:106BA800000B02E001998A4541D0022109F1010A4E
:106BB800416149F080015FFA89F3D14643EA012136
:106BC80001830021C0F80CE0C0F804A005E0C2E988
:106BD80000EBD0E904138B42E4D04B1C0361615CE9
:106BE800C56A4B0043EAD111D5F80480CBB2984569
:106BF800EDD9AE6901F00F013668BFF35F8FB6B209
:106C080026FA01F1C907E2D06969994240F2898000
:106C1800296903EB8303C2E900EB01EB83010B7CD9
:106C28005B06D6D0084605B0BDE8000FF0BD02AE41
:106C38000025C5604ACE8CE84A00C16900291CBFFE
:106C4800D0E908138B423BD102AE00211C304CCE58
:106C58004EC0084605B0BDE8000FF0BD00F11806AB
:106C68004FF0000C4FF0010E06E0C2E900ECD0E94D
:106C780004138B423FF480AF4B1C0361715CC56AFF
:106C88004B0043EAD1116C68CBB29C42EDD9AC6998
:106C980001F00F012468BFF35F8FA4B224FA01F159
:106CA800C907E2D0696999423BD9296903EB830393
:106CB800C2E900EC01EB83010B7C5B06D7D0B1E79E
:106CC80000F128064FF0000C4FF0010E05E0C2E974
:106CD80000ECD0E908138B42B6D04B1C0362715C00
:106CE800C56A4B0043EAD1116C68CBB29C42EED91D
:106CF800AC6901F00F012468BFF35F8FA4B224FAD6
:106D080001F1C907E3D0696999420AD9296903EBF6
:106D18008303C2E900EC01EB83010B7C5B06D8D04E
:106D280080E740F6C0621846C2F2200201F0B3FACA
:106D3800F0B503AF4DF8048D82B005468846EE687D
:106D48000121006831607168F26162F31E4171606F
:106D5800CAB1B06040F6FF71B068884300F5805052
:106D6800F060F0686FF30B0000F580503061306917
:106D78006FF30B0000F58050706170696FF30B00C2
:106D880000F5805004E00020B060F0603061706170
:106D9800B0618021706840F400407060706861F3F1
:106DA80007007060009601F0CCF94EF670746846E2
:106DB800CEF2000420F01C00206001F0C2F901F0BE
:106DC800C3F9A8688660C16821F0FF01C16001901D
:106DD80001F0B7F901A820F01C00206020302060E5
:106DE80001F0AFF901F0B0F995F910204FF47F01E7
:106DF800D8F800004FF48033B2F1FF3F02F01F02D1
:106E0800C8BFFF21C8BF012303FA02F21140C0F82E
:106E1800B011D0F8B01159B1D0F8B01100291CBF89
:106E2800D0F8B011002903D0D0F8B0110029F0D162
:106E380002B05DF8048BF0BDF0B503AF4DF804BDAA
:106E4800044690F834000D46D0B12068002801BFF0
:106E5800206A4FF0FF312160D0F8481101BF21F0BE
:106E6800410165F3000165F38611C0F8481101BFBF
:106E78002068013020605DF804BB08BFF0BD1FE04A
:106E880001F065F9064601F058F92068C0B9206A92
:106E98004FF0FF312160D0F8481121F0410165F32E
:106EA800000165F38611C0F84811206801302060A0
:106EB800F0070BD15DF804BBBDE8F04001F03FB925
:106EC80041F26C10C2F2200001F06AF95DF804BBCF
:106ED800F0BDF0B503AF4DF804BD044690F834009A
:106EE8000E4658B32068002866D14FF0FF30710075
:106EF8002060F0B241EAD011A268C8B2824217D924
:106F0800E26901F00F011268BFF35F8F92B222FAB3
:106F180001F1C9070CD0A169814247D9616900EB29
:106F2800800001EB80008068016821F00051016059
:106F38002068013020605DF804BBF0BD01F007F95E
:106F4800054601F0FAF82068B0BB4FF0FF30710039
:106F58002060F0B241EAD011A268C8B2824217D9C3
:106F6800E26901F00F011268BFF35F8F92B222FA53
:106F780001F1C9070CD0A169814217D9616900EBF9
:106F8800800001EB80008068016821F000510160F9
:106F9800206801302060E80705D15DF804BBBDE832
:106FA800F04001F0CCB85DF804BBF0BD40F6C0621B
:106FB800C2F2200201F06FF941F26C10C2F2200017
:106FC80001F0EEF8F0B503AF2DE9000F81B00668C7
:106FD8003168002940F0F480D0E90119B346D0E9BE
:106FE80003854FF0FF304BF8040B087898B34D78C1
:106FF800B268680040EAD511C8B2824211D9F26974
:1070080001F00F011268BFF35F8F92B222FA01F10B
:10701800C90706D0B169814240F2CC800120052120
:10702800C1E0F26A0120B9F8003004219A4222BF77
:10703800B46AD21AA242C0F0B680F262294698F821
:10704800000000905846FEF7BEFC002800F0BE8005
:1070580000202946A7E02878B26840F0010A4FEAE4
:107068004A0141EAD011C8B2824240F28680F269F0
:1070780001F00F011268BFF35F8F92B222FA01F19B
:10708800C9077AD0B169814240F294802878B26801
:1070980040F0020A4FEA4A0141EAD011C8B28242DE
:1070A8006BD9F26901F00F011268BFF35F8F92B2DA
:1070B80022FA01F1C90760D0B16981427AD92878EA
:1070C800B26840F0030A4FEA4A0141EAD011C8B257
:1070D800824252D9F26901F00F011268BFF35F8F43
:1070E80092B222FA01F1C90747D0B169814261D948
:1070F8002878B26840F0040A4FEA4A0141EAD01100
:10710800C8B2824239D9F26901F00F011268BFF39F
:107118005F8F92B222FA01F1C9072ED0B16981427C
:1071280048D92878B26840F0050A4FEA4A0141EA8E
:10713800D011C8B2824220D9F26901F00F01126859
:10714800BFF35F8F92B222FA01F1C90715D0B16976
:1071580081422FD9287840F0060A58465146FEF752
:107168004BFE50B1287840F0070A58465146FEF7C2
:1071780043FE10B10120032115E0F26A0120B9F89D
:10718800003004219A4222BFB56AD21AAA420AD311
:10719800F262514698F8000000905846FEF713FC3A
:1071A800A0B10020514632680132326001B0BDE81A
:1071B800000FF0BD40F6B062C2F2200201F06BF899
:1071C80041F26C10C2F2200000F0EAFF40F6F060D5
:1071D80041F20002C2F22000C2F220022B2101F08B
:1071E80044F8B0B502AF044690F8340058B12068AE
:1071F80000BB4FF0FF302060201DFFF7A7FB206881
:1072080001302060B0BD00F0A2FF054600F095FFF8
:10721800206878B94FF0FF302060201DFFF796FBFB
:10722800206801302060E80718BFB0BDBDE8B04055
:1072380000F085BF41F26C10C2F2200000F0B0FFF0
:10724800F0B503AF4DF804BD88B007F82A1CA7F1C4
:107258002A010791A7F127010691A7F126010591B7
:1072680090F83410D7E9025607F8292CA7F129021B
:1072780007F8283C07F8275C27F8266CCDE90302B5
:1072880021B103A8FFF79EFE0C460FE000F05FFF58
:10729800064600F052FF03A8FFF794FE0546F007E4
:1072A8000C4608BF00F04BFF05F0010000F001009C
:1072B800214608B05DF804BBF0BDF0B503AF4DF84A
:1072C80004BD044690F834000D46A0B1206800289B
:1072D80001BF206A4FF0FF312160690601BF01F14B
:1072E8008071C0F854112068013002BF20605DF839
:1072F80004BBF0BD1AE000F02AFF064600F01DFFAF
:10730800206898B9206A4FF0FF312160690601F1C1
:107318008071C0F85411206801302060F0070BD14B
:107328005DF804BBBDE8F04000F009BF41F26C1005
:10733800C2F2200000F034FF5DF804BBF0BDB0B528
:1073480002AF044690F8340070B12068002801BFED
:10735800206AD0F840110022226002BF41F00101EA
:10736800C0F84011B0BD16E000F0F1FE054600F08F
:10737800E4FE206878B9206A0022D0F84011226023
:1073880041F00101C0F84011E80718BFB0BDBDE8E1
:10739800B04000F0D4BE41F26C10C2F2200000F000
:1073A800FFFEB0B502AF044690F8340058B120682B
:1073B80000BB4FF0FF302060201DFEF755FC206811
:1073C80001302060B0BD00F0C2FE054600F0B5FEF9
:1073D800206878B94FF0FF302060201DFEF744FC8C
:1073E800206801302060E80718BFB0BDBDE8B04094
:1073F80000F0A5BE41F26C10C2F2200000F0D0FEF1
:10740800F0B503AF2DE9000784B0054691F83400C4
:10741800D7F80880994616460C46B8B32068002865
:1074280040F094804FF0FF3071002060F0B241EAE4
:10743800D011A268C8B282421DD9E26901F00F01D9
:107448001268BFF35F8F92B222FA01F1C90712D016
:10745800A169814274D9211D700657D002A84A46F5
:1074680043460096FFF74CF89DF80800002856D0D0
:107478009DF8090000E00520687001202168287047
:10748800481C206004B0BDE80007F0BD00F05FFEB6
:10749800824600F052FE2068002857D14FF0FF3096
:1074A80071002060F0B241EAD011A268C8B28242ED
:1074B8001CD9E26901F00F011268BFF35F8F92B225
:1074C80022FA01F1C90711D0A169814238D9211DD9
:1074D800700628D002A84A4643460096FFF710F8DF
:1074E8009DF8080040B39DF8090000E00520687089
:1074F800012021682870481C20605FEACA70C1D149
:1075080000F01DFE04B0BDE80007F0BD02A84A4621
:107518004346FEF7D0FD9DF808000028A8D103983F
:1075280068600020AAE702A84A464346FEF7C3FD62
:107538009DF808000028D6D1039868600020D8E795
:1075480040F6B062C2F2200200F0A5FE41F26C10D3
:10755800C2F2200000F024FEF0B503AF2DE90007C9
:1075680084B0054691F83400D7F808809946164645
:107578000C46B8B32068002840F094804FF0FF30E4
:1075880071002060F0B241EAD011A268C8B282420C
:107598001DD9E26901F00F011268BFF35F8F92B243
:1075A80022FA01F1C90712D0A169814274D9211DBB
:1075B800700657D002A84A4643460096FEF7C0FE1A
:1075C8009DF80800002856D09DF8090000E0052025
:1075D8006870012021682870481C206004B0BDE84C
:1075E8000007F0BD00F0B3FD824600F0A6FD20685C
:1075F800002857D14FF0FF3071002060F0B241EA07
:10760800D011A268C8B282421CD9E26901F00F0108
:107618001268BFF35F8F92B222FA01F1C90711D045
:10762800A169814238D9211D700628D002A84A468E
:1076380043460096FEF784FE9DF8080040B39DF887
:10764800090000E005206870012021682870481CA6
:1076580020605FEACA70C1D100F071FD04B0BDE8D6
:107668000007F0BD02A84A464346FEF7E8FB9DF82E
:1076780008000028A8D1039868600020AAE702A89B
:107688004A464346FEF7DBFB9DF808000028D6D1A2
:10769800039868600020D8E740F6B062C2F2200282
:1076A80000F0F9FD41F26C10C2F2200000F078FD04
:1076B800F0B503AF4DF8048D044690F83400164633
:1076C8000D4630B3206800285DD14FF0FF306900C7
:1076D8002060E8B241EAD011A268C8B2824212D949
:1076E800E26901F00F011268BFF35F8F92B222FACC
:1076F80001F1C90707D0A16981423ED9201D314651
:107708002A46FEF7E9FF2068013020605DF8048B07
:10771800F0BD00F01CFD804600F00FFD206890BB16
:107728004FF0FF3069002060E8B241EAD011A2684A
:10773800C8B2824212D9E26901F00F011268BFF3A0
:107748005F8F92B222FA01F1C90707D0A16981427D
:1077580013D9201D31462A46FEF7BEFF20680130A6
:1077680020605FEAC87005D15DF8048BBDE8F04081
:1077780000F0E5BC5DF8048BF0BD40F6B062C2F2E3
:10778800200200F088FD41F26C10C2F2200000F0E7
:1077980007FDF0B503AF4DF804BD044690F834007A
:1077A8000D4680B120686FF00041884227D2013031
:1077B8002060201D2946FFF74BF821680139216018
:1077C8005DF804BBF0BD00F0C2FC064600F0B5FC55
:1077D80020686FF00041884211D201302060201DDE
:1077E8002946FFF735F80546206801382060F0077C
:1077F80008BF00F0A4FC28465DF804BBF0BD41F2C8
:107808005C10C2F2200000F0E5FCF0B503AF4DF8C3
:1078180004BD054691F834000C4670B12068002874
:1078280063D1206A4FF0FF312160D0F844114A0635
:1078380017D4C9071FD1002031E000F088FC0646A4
:1078480000F07BFC206800284FD1206A4FF0FF3100
:107858002160D0F844114A0608D4C90726D100206F
:1078680038E04021C0F84411012018E04021C0F858
:10787800441101202EE00121C0F84411D0F8BC11B8
:10788800D0F8BC21C9B2C2F3074221861304C0F85C
:10789800BC31AA806980D0F8AC01E8800220216858
:1078A8002880481C20605DF804BBF0BD0121C0F8A9
:1078B8004411D0F8BC11D0F8BC21C9B2C2F30742B8
:1078C80021861304C0F8BC31AA806980D0F8AC01C5
:1078D800E880022021682880481C2060F00708BF43
:1078E80000F02DFC5DF804BBF0BD41F26C10C2F253
:1078F800200000F055FC082A16D10A784B78B1F818
:1079080002C04968C0F8021002F08001C171C2F3D8
:107918004111417202F01F0183710429A0F800C0CF
:1079280028BF0421017270470421417201210170AE
:107938007047F0B503AF2DE90007D0E90546814649
:10794800B01CA04216D8884606F580718C4238BF14
:107958002146814231D3091A1D4699420AD3D9F8E2
:1079680010A011462A46504401F090FDA81C311879
:10797800A14203D90220BDE80007F0BDA64214D2F7
:107988000AF80600701CA0423FBF0AF80080C9F838
:1079980018100820BDE8000738BFF0BD41F21422D6
:1079A8002146C2F2200200F076FC41F20422304661
:1079B800C2F22002214600F06EFC41F2F412C2F23B
:1079C800200201F084F8F0B503AF2DE9000F87B06D
:1079D8000D690A460C688E68002D18BF0325002C17
:1079E80018BF0124002E18BF0126D0E9051C0CF190
:1079F800020E8E4504D9022007B0BDE8000FF0BD85
:107A08000CF58073994238BF0B4673456AD3A3EBD4
:107A18000E03102B04D2022007B0BDE8000FF0BD02
:107A280092F821300693730002934FF4047692F88B
:107A380020300393D37FB2F818B00493937FB2F841
:107A48001A904FEA1B2A928BD0F810800593130ADC
:107A580001934FEA192328F80E6008EB0E060093ED
:107A68000123B272009A7272069A7271039AF373C2
:107A7800029B3271049A7373019BF270059AB57375
:107A88003473F37286F8089086F807A086F806B073
:107A9800B2700CF112068E4204D9022007B0BDE87C
:107AA800000FF0BD8C450FD20CF1010312228B425E
:107AB80008F80C200FD201218661082008F803106D
:107AC80007B0BDE8000FF0BD41F204226046C2F2E3
:107AD800200200F0E0FB41F214221846C2F2200214
:107AE80000F0D9FB41F2F4127046C2F220021946A6
:107AF80000F0EDFFF0B503AF4DF804BD91F8255047
:107B0800012291F8233091F8226091F82440002B4B
:107B1800D0E9051C0CF1020E05770CF10405C0E94B
:107B280000256FF03F0508BF6FF07F058E451BD815
:107B38000CF58073994238BF0B46734537D3A3EBD6
:107B48000E02072A10D345EA441204694FF08073E5
:107B580044F80E3004EB0E035A7100221A710CF12E
:107B680009028A429E7103D902205DF804BBF0BD68
:107B78008C4515D2092304F80C300CF101038B4213
:107B88003FBF0221E154826108203CBF5DF804BB7D
:107B9800F0BD41F214221846C2F2200200F07BFB2D
:107BA80041F204226046C2F2200200F074FB41F266
:107BB800F4127046C2F22002194600F088FF4169AB
:107BC800032981BF016980694880704780B56F4685
:107BD80041F224220420C2F2200200F059FFF0B53D
:107BE80003AF2DE9000B8E46017F89B3D0E9051C50
:107BF8000CF102048C421BD80CF58075A94238BFE1
:107C08000D46A54236D32D1B062D11D30569002636
:107C1800D7E9028905F804E02C4462700CF10802E7
:107C28008A42667184F8049084F80380A37003D9AB
:107C38000220BDE8000BF0BD8C450DD2082305F8E5
:107C48000C300CF101038B420DD20B218261E954F7
:107C58000820BDE8000BF0BD41F204226046C2F2E4
:107C6800200200F018FB41F214221846C2F220024A
:107C780000F011FB41F2F4122046C2F2200229461C
:107C880000F025FF80B56F4684B0D7F808E0944629
:107C980000220292CDE9003E634600F002F804B0EB
:107CA80080BDF0B503AF2DE9000B8C46110601D05D
:107CB800416909E00168C9B3456841698D4251D2FB
:107CC8000669745D01347455D0F818E04FF0010866
:107CD800D7E904460EF10405002CC0E9028508BF67
:107CE80026460EF102048C421CD80EF58075A94276
:107CF80038BF0D46A54243D32D1B072D12D3056966
:107D0800D7E9029805F804C02C4462700EF1090204
:107D1800E37000238A42A67184F8058084F80490F1
:107D2800A37007D90220BDE8000BF0BD0720BDE80D
:107D3800000BF0BD8E451CD2092305F80E300EF15C
:107D480001038B423FBF0421E954826108203CBFF4
:107D5800BDE8000BF0BD41F214221846C2F2200221
:107D680000F099FA41F234222846C2F2200200F0CB
:107D780092FA41F204227046C2F2200200F08BFA15
:107D880041F2F4122046C2F22002294600F09FFE7A
:107D9800F0B503AF2DE9000F83B00B460546D0E9D7
:107DA8000510861C8E4204D9022003B0BDE8000FDE
:107DB800F0BD884280F08D802C6900F1010E00260C
:107DC8008E45265480F08B8003EB020B221802F1BB
:107DD800020C0295032600254FF0000804F80E60F7
:107DE80001944419B8F1000F04F1020E05D04FF0C8
:107DF80000099A468E4537D35BE05B455ED09A46CC
:107E08001AF9012BB2F1FF3F5FFA82F926DC5E789E
:107E180009F01F08B9F1DF0F06F03F061AD99A7862
:107E2800B9F1F00F02F03F0242EA86162ED3DA7853
:107E380002F03F0242EA861208F0070642EA864943
:107E4800B9F5881F3AD003F1040A0022B2EB194FA2
:107E580004D023E046EA881903F1020A1FFA89F8D8
:107E68004FF000098E4524D2231D1EF1030F3DD883
:107E78008B4243D82CF805800235C846534644192E
:107E8800B8F1000F04F1020EB1D1B6E746EA08399D
:107E980003F1030A0022B2EB194FDFD009F57F0284
:107EA800372363F39F294FF4584343EA92288E45BA
:107EB800DAD3022003B0BDE8000FF0BD019AA91C77
:107EC80011540298C0F818E0082003B0BDE8000F6C
:107ED800F0BD41F24422C2F2200200F0DCF941F286
:107EE80054227046C2F2200200F0D5F941F2642211
:107EF8007046C2F22002194600F0E9FD41F2642200
:107F08001846C2F2200200F0C3FDB0B502AF826885
:107F18000123D2E9051C0CF104040CF1020E8E4574
:107F2800C0E9003415D80CF58073994238BF0B4668
:107F3800734537D3A3EB0E03032B0AD3146900252B
:107F480004EB0E0324F80E509D700CF105038B42D0
:107F580001D90220B0BD8C451DD2052504F80C506E
:107F68000CF1010C8C453FBF0F2104F80C109361F4
:107F780040F6BC323FBFC2F2200202210423BDE812
:107F8800B04038BF00F016B841F214226046C2F281
:107F9800200200F080F941F204226046C2F2200279
:107FA80000F079F941F2F4127046C2F22002194643
:107FB80000F08DFDF0B503AF4DF804BD0568D5B1EF
:107FC800D0E901067469A04242D2346903F1030E74
:107FD800BEF1FF0F255C05F1010525549EBFD6E9CA
:107FE80005C000EB0E0565454FF0020408D9204690
:107FF8005DF804BBF0BD072420465DF804BBF0BD66
:1080080060452CD23569441C05F800E0D6F814C048
:1080180064452BD2D6F810C010250CF80450841CE7
:10802800D6F814C0644529D2356903302955C418D7
:108038002CD271698C4230D83169084411461A46ED
:1080480001F024FAB461082420465DF804BBF0BDB1
:1080580041F274222146C2F2200200F01CF941F2DA
:1080680084226146C2F2200200F015F941F29422FE
:10807800C2F220022046614600F00DF941F2A42226
:10808800C2F220022046614600F005F941F2B4220E
:108098002146C2F2200200F01AFD41F2B422204625
:1080A800C2F2200200F0F4FC8268002303605169E8
:1080B800032981BF106991694180704780B56F4677
:1080C80041F2C4220420C2F2200200F0E1FC014681
:1080D800406820283FBF896801EB40104FF4805169
:1080E80000223FBF425000F58050828082713FBF1E
:1080F800C2718260C26002613FBF8282C2828261B5
:1081080082833CBFC283704780B56F4641F24832D4
:108118002021C2F2200200F0BEF8D0B502AF00F074
:1081280016F8012121EA000400F007F82046D0BD26
:10813800002808BF704700F002B872B6704762B6F0
:108148007047BFF34F8F7047BFF36F8F7047EFF3E0
:10815800108070470068FEE770474FF2C3504EF634
:10816800A3514EF25F2243F28933CAF66070CBF610
:108178006741C0F21802C8F28F537047D1E905026F
:1081880041F25831D368C2F220010B221847D1E9D5
:10819800050241F26331D368C2F220010E2218476A
:1081A80080B56F468AB001460020059001200290F4
:1081B80041F28432049007A8039045F6DF60C0F2CC
:1081C8000000C2F220020890781E079001A80192D0
:1081D80000F036F880B56F468AB001460020059059
:1081E8000120029041F2A832049007A8039045F6B6
:1081F800CD60C0F20000C2F220020890781E0790FD
:1082080001A8019200F01CF880B56F468AB0CDE94C
:108218000001002006900120039041F2B031059042
:1082280008A8049046F63160C0F20000C2F22001AE
:1082380009906846089002A80291114600F000F8DB
:1082480080B56F4686B0CDE9030141F2B830C2F27D
:1082580020000122029041F25830C2F22000ADF80D
:108268001420019001A8FAF71FFB80B56F4688B06B
:1082780094460122019206AA009241F25832002344
:10828800CDE90601C2F220026846614604930393D1
:108298000292FFF7D5FF80B56F468CB0CDE900019B
:1082A80000200690022041F2DC310390059008A8D6
:1082B800C2F22001049046F635500291C0F2000047
:1082C8006946CDE9090111460B9001A8089002A85A
:1082D800FFF7B6FF80B56F468EB08DE80F0000201F
:1082E80041F2F031089002200590C2F22001079077
:1082F8000AA8069046F62960C0F20000D7F808C020
:108308000D9002A80C9046F63160C0F2000004916E
:108318000B9068460A9004A86146FFF791FF024651
:10832800D1E9050100F000B8F0B503AF2DE9000F61
:108338008DB0032316698DF830302023089300236D
:10834800002ECDE90A1309900693049374D050695E
:10835800002800F09D8011684FF00008D2F808B09E
:108368004FF000090391410101384FF0000A20F055
:108378007840019201300291009003984844426885
:108388004AB10399DDE90903DB6851F809109847F8
:10839800002840F08E8006EB0800036906EB890090
:1083A800D0E90221057F846908938DF830500B9439
:1083B8007AB1012A08D10BEBC10245F6A563C0F2D8
:1083C800000352689A4201D0002203E05BF83110A2
:1083D8000968012256F80830CDE9042141687BB1CB
:1083E800012B08D10BEBC10245F6A563C0F20003CF
:1083F80052689A4201D0002203E05BF83110096804
:108408000122436907910BEBC3015BF833004B680A
:1084180004A90692984700284BD1029808F1200831
:108428000AF1010A09F108094045A6D1DDE900B2BF
:108438005068834531D341E0D06848B3D2F808A0EA
:108448000DF11008156800260AEBC009013820F064
:108458006040019200F1010B05EBC600426832B1A1
:10846800DDE9090355F83610DB68984708BB0AEBC5
:10847800C6044146D4E900029047D0B904F1080087
:1084880001364845E8D1019A5068834505D315E07F
:108498004FF0000B5068834510D212685E46DDE944
:1084A8000901CB6852F83B1002EBCB02526898479F
:1084B80020B101200DB0BDE8000FF0BD00200DB0C7
:1084C800BDE8000FF0BDD4D4F0B503AF2DE9000F1F
:1084D80087B0FD681C461646814600294DD0D9F85C
:1084E8001C802B2118F0010008BF4FF4881100EB05
:1084F800050A0691D7F808B05FEA487048D5102CED
:1085080080F07680002C00F0A08004F0030CA20814
:108518004FF0000000F0AA80A0EB820E731CCDE99A
:10852800034BAB466FF0030505965E19043596F9C3
:10853800034096F9061096F9052014F1410F96F9B3
:108548000460C8BF013016F1410FC8BF013012F1F5
:10855800410FC8BF013011F1410F0EEB0501C8BF33
:1085680001300431E1D12A1D5D46059EDDE9034B4A
:10857800BCF1000F40F07E8094E02D20D9F81C80DB
:1085880005F1010A0690D7F808B05FEA4870B6D43A
:108598000026D9F80000002800F08A80CDE904B64A
:1085A800D9F804B0D34510D95FEA087025D499F8F2
:1085B8002000ABEB0A0A0395A346DFE800F0960219
:1085C800900250464FF0000A8FE020462E46D9E927
:1085D800054500902946DDE90532204600F0D4F82B
:1085E80048B34FF00108404607B0BDE8000FF0BDA2
:1085F8003046214600F08AFA54E0D9F810002146A6
:108608000390302099F820204FF001082E46D9E930
:108618000545C9F81000029289F82080204600918B
:108628002946DDE9053200F0AFF880B1404607B0D1
:10863800BDE8000FF0BDEB6820460499324607B04C
:10864800BDE8000FBDE8F040184700202AE0ABEB7A
:108658000A00DDF810A0B046461C013E6ED02A691B
:108668002046302190470028F7D06DE00022BCF169
:10867800000F17D0B15611F1410FC8BF0130BCF13E
:10868800010F0FD0324492F9011011F1410FC8BF08
:108698000130BCF1020F05D092F9021011F1410F1F
:1086A800C8BF01308244D9F8000000287FF476AFB3
:1086B8002046A846D9E90545334600902946069A3A
:1086C800204600F061F800283ED1EB682046594664
:1086D800424607B0BDE8000FBDE8F04018470AF170
:1086E80001014FEA5A004FEA510AD9E90458441CDB
:1086F800D9F81860013C06D03269404629469047AF
:108708000028F7D020E0CDF800B04046DDE905327A
:10871800314600F039F8B8B9F3684046DDE903217D
:10872800984788B90024A24522D032694046294694
:10873800904701340028F6D0601E1AE0EB68204606
:1087480051464246984730B14FF00108404607B0BD
:10875800BDE8000FF0BD02984FF0000889F820002E
:108768000398C9F81000404607B0BDE8000FF0BDF7
:1087780050464FF00008504538BF4FF001084046BA
:1087880007B0BDE8000FF0BDF0B503AF4DF8048D9C
:10879800D7F808801C460D460646B2F5881F08D053
:1087A8002B6930461146984718B101205DF8048BB3
:1087B800F0BD44B1EB683046214642465DF8048B73
:1087C800BDE8F040184700205DF8048BF0BDD4D414
:1087D800F0B503AF2DE9000F81B08146D0F800C095
:1087E80080688A465CEA000102D1D9E90501EAE01D
:1087F800002874D0D9F80C000AEB020E4FF0000BD9
:108808005146461C09E040EA8115A11CABEB040067
:10881800B5F5881F00EB010B61D0013E0C4628D04E
:1088280074455CD0214611F9010BB0F1FF3FC5B288
:10883800ECDC607805F01F01DF2D00F03F00E2D985
:10884800A378F02D03F03F0343EA80100DD3E378BB
:1088580001F0070103F03F0343EA801040EA814535
:10886800B5F5881F3BD0211DD0E740EA0135E11C52
:10887800CCE7744533D094F90000B0F1FF3F04DC35
:10888800C1B2E02928BFF02915D2BBF1000F09D0E9
:10889800934506D21AF90B0010F1400F02DA0021B5
:1088A80001E0FCD1514600290CBF93468A46BCF131
:1088B800000F18D184E0A37801F00701607803F075
:1088C8003F03E67800F03F009B0143EA003006F0E2
:1088D8003F03184440EA8140B0F5881FD5D193463C
:1088E800BCF1000F6CD0D9F80480BBF1100F32D264
:1088F800BBF1000F34D00BF0030C5FEA9B024FF082
:1089080000002FD0A0EB820E0AF101036FF00306DE
:108918009D19043695F9034095F9061095F9052037
:1089280014F1410F95F90450C8BF013015F1410FFA
:10893800C8BF013012F1410FC8BF013011F1410F1A
:108948000EEB0601C8BF01300431E1D1321DBCF184
:10895800000F0BD123E05046594600F0D7F81EE02F
:1089680000201CE00022BCF1000F18D01AF90210F8
:1089780011F1410FC8BF0130BCF1010F0FD05244B3
:1089880092F9011011F1410FC8BF0130BCF1020F7B
:1089980005D092F9021011F1410FC8BF013080458E
:1089A8000ED999F82010CDF800A0A8EB000A0020F5
:1089B800DFE801F01702111750464FF0000A10E0E7
:1089C800D9E905015A46CB68514601B0BDE8000F08
:1089D800BDE8F04018470AF101014FEA5A004FEA92
:1089E800510AD9E90486441CD9F81850013C06D02C
:1089F8002A693046414690470028F7D005E0EB68E1
:108A0800304600995A46984720B1012001B0BDE888
:108A1800000FF0BD0024A24508D02A69304641461F
:108A2800904701340028F6D0611E00E0514600202E
:108A3800514538BF012001B0BDE8000FF0BDD0E9B5
:108A48000503DB6818470B46014610461A46FFF730
:108A5800BFBE80B56F468CB0CDE90001002041F261
:108A6800FC4106900220C2F220010390059008A85C
:108A7800029101A9049046F63550C0F20000CDE9F4
:108A8800090111460B906846089002A8FFF7D8FB29
:108A980080B56F468CB0CDE90001002041F20C5141
:108AA80006900220C2F220010390059008A80291C6
:108AB80001A9049046F63550C0F20000CDE909013D
:108AC80011460B906846089002A8FFF7B9FB80B5DD
:108AD8006F468CB0CDE90001002041F2405106906C
:108AE8000220C2F220010390059008A8029101A972
:108AF800049046F63550C0F20000CDE90901114650
:108B08000B906846089002A8FFF79AFBF0B503AFF0
:108B18002DE9000F82B08146033020F0030AAAEB4A
:108B2800090841450AD3A1EB080E5FEA9E0C05D05F
:108B38000EF00302CA455AD10020A0E089B301F023
:108B4800030C8A084FF0000030D0A0EB820E09F128
:108B580001066FF003057319043593F9031093F9AF
:108B6800064093F9052011F1410F93F90430C8BF6D
:108B780001300EEB050113F1410FC8BF013012F1AE
:108B8800410FC8BF013014F1410FC8BF0130043193
:108B9800E1D12A1DBCF1000F0CD102B0BDE8000FD5
:108BA800F0BD002002B0BDE8000FF0BD0022BCF10E
:108BB800000FF2D019F9021011F1410FC8BF0130AE
:108BC800BCF1010FE9D04A4492F9011011F1410FAB
:108BD800C8BF0130BCF1020FDFD092F9021011F1C9
:108BE800410FC8BF013002B0BDE8000FF0BD6FEA09
:108BF80009005044032802D20020002523E009F18F
:108C0800010B00206FF003060BEB060595F90340F6
:108C180095F9063095F9051014F1410F95F90450AE
:108C2800C8BF013015F1410FC8BF013011F1410F24
:108C3800C8BF013013F1410FC8BF013016F1080554
:108C480006F10406E0D1CA4519D019F9051011F149
:108C5800410FC8BF0130B8F1010F10D005EB090171
:108C680091F9013013F1410FC8BF0130B8F1020F7B
:108C780005D091F9021011F1410FC8BF013009EB7D
:108C880008040023C2B12EF00301214491F90060C9
:108C980016F1410FC8BF0123012A0DD091F90160D7
:108CA80016F1410FC8BF0133022A05D091F902100D
:108CB80011F1410FC8BF013318446FF00F0912E0DA
:108CC8004FF000083FFA88F23FFA98F31A44ACEBE9
:108CD8000B0C0AEB8B041BF0030102EB024200EBC6
:108CE800124040F04E81BCF1000F3FF456AFBCF18A
:108CF800C00FE34628BF4FF0C00BA246BBF1040FDC
:108D0800DED309EB8B010122302902EB111207D2C5
:108D18004FF00008544612F0030E40F0B980D1E736
:108D280022F003094FF0000854460092CDF804A041
:108D380094E80E04B9F10409A6696FEA010E4FEA36
:108D4800DE1545EA91116FEA020521F0FE314FEA7E
:108D5800D51545EA9212414422F0FE320A446FEAE0
:108D680003014FEAD11545EA931323F0FE33256931
:108D78001A446FEA0A034FEAD313616943EA9A1364
:108D8800D4F8388023F0FE33D4F83CE01A446FEA74
:108D980005034FEAD31343EA9513E56923F0FE333D
:108DA8001A446FEA01034FEAD31343EA911121F001
:108DB800FE31236A11446FEA06024FEAD21242EAF0
:108DC8009612666A22F0FE3211446FEA05024FEAF3
:108DD800D21242EA9512A56A22F0FE3211446FEAD5
:108DE80003024FEAD21242EA9312E36A22F0FE32F9
:108DF80011446FEA06024FEAD21242EA9612266B33
:108E080022F0FE3211446FEA05024FEAD21242EA1A
:108E18009512656B22F0FE3204F1400411446FEAAA
:108E280003024FEAD21242EA931222F0FE321144B0
:108E38006FEA06024FEAD21242EA961222F0FE3296
:108E480011446FEA05024FEAD21242EA951222F063
:108E5800FE3211446FEA08024FEAD21242EA98122F
:108E680022F0FE3211446FEA0E024FEAD21242EAB1
:108E78009E1222F0FE3202EB01087FF459AFDDF8B2
:108E880004A06FF00F09009A12F0030E3FF41AAF16
:108E980094E84C00BEF1010FE5686FEA02014FEA61
:108EA800D11141EA92116FEA03024FEAD21221F07E
:108EB800FE3142EA9312414422F0FE3211446FEA35
:108EC80006024FEAD21242EA961222F0FE3211440A
:108ED8006FEA05024FEAD21242EA951222F0FE32F8
:108EE80002EB01083FF4EEAE04F11005BEF1020FEB
:108EF8002ECD6FEA01064FEAD61646EA91116FEABF
:108F0800020621F0FE314FEAD61646EA9212414493
:108F180022F0FE3211446FEA03024FEAD21242EA0B
:108F2800931222F0FE3211446FEA05024FEAD21280
:108F380042EA951222F0FE3202EB01083FF4C2AE7B
:108F480004F120064ECECD43ED0945EA9111D543F3
:108F580021F0FE31ED0945EA9212414422F0FE3239
:108F68001144DA43D20942EA931222F0FE32114444
:108F7800F243D20942EA961222F0FE3202EB0108CD
:108F8800A0E60BF0FC0301295AF823206FEA020639
:108F98004FEAD61646EA921222F0FE3215D00AEBB4
:108FA800830302295E686FEA06054FEAD51545EA8C
:108FB800961626F0FE36324407D09968CB43DB0973
:108FC80043EA911121F0FE310A443FFA82F13FFA57
:108FD80092F2114401EB014100EB114002B0BDE8EF
:108FE800000FF0BDF0B503AF2DE9000F8DB0046898
:108FF80041F2004042F2107E0D467445C2F2200054
:109008003DD341F259784EF2FF03A7F1430B0021FB
:10901800CDF2B71841F27B494FF0640AC0F2F5531C
:109028000295A4FB08250BEB010C04399C424FEA7E
:10903800553202FB1E451446AEB24FEA960606FBB1
:1090480009F64FEA564606FB1A5530F81660ACF892
:109058002360ADB230F81550ACF82550E1D8029D28
:1090680001F127031446632C0CD821460A291BD387
:1090780030F811009A1EA7F1430188521AE02723FD
:10908800632CF2D9A1B241F27B428908023B5143D9
:109098006422A7F14306490C01FB124292B230F850
:1090A8001220F2520A29E3D201F130005A1EA7F128
:1090B80043018854C2F12700114441F25832002379
:1090C800CDE90010C2F2200228460121FFF7FCF981
:1090D8000DB0BDE8000FF0BDD0E90002D26810471E
:1090E8000B46D0E900121846FFF772BB00F0A2B891
:1090F800042A18D3B0B502AFA2F1040E012303EB82
:109108009E0313F0030414D08C4603465CF8045BFA
:10911800012C43F8045B15D1184661467246BEF12E
:109128000C0F21D208E08C46034618466146FFF72B
:10913800DDBFBEF10C0F17D2BDE8B040184661463E
:10914800FFF7D4BF4B68022C436003D1083A0831BB
:10915800083004E08B680C3A83600C310C3003460D
:109168008C46BEF10C0FE7D30B68103A0360032A54
:109178004B6843608B688360CB6801F11001C36062
:1091880000F11000F0D88C460346BDE8B040184600
:109198006146FFF7ABBF0B4611461A4600F0EEB822
:1091A800D2B2042938BFFFF7F6BFD0B502AF4FF0EF
:1091B8000133A1F1040E5343012404EB9E0414F07F
:1091C80003040AD08446012C4CF8043B0DD16046B8
:1091D8007146BEF10C0F19D202E0BEF10C0F15D288
:1091E800BDE8D0406046FFF7D6BF022C436006D1E9
:1091F800083908308446BEF10C0F07D2F0E78360C7
:109208000C390C308446BEF10C0FE9D31039C0E993
:109218000033C0E9023310300329F7D88446BDE88B
:10922800D0406046FFF7B7BF0022FFF7B4BF002267
:10923800FFF7B6BFF0B503AF2DE90007102A63D3D7
:10924800434213F0030400EB040C16D003460E4609
:10925800357803F8015B63450FD2757803F8015B35
:1092680063453EBFB57803F8015B634505D2F578E1
:10927800043603F8015B6345EAD3A2EB040E01EB65
:1092880004092EF003080CEB08035FEA89713ED04D
:10929800B8F1010F54DB182129F0030201EAC90AC9
:1092A8004FEAC90102F108054942126801F018069F
:1092B80055F8041C22FA0AF201FA06F422434CF883
:1092C800042B9C453CD22A6821FA0AF102FA06F4DA
:1092D80021434CF8041B9C453FBF696822FA0AF2F7
:1092E80001FA06F422433CBF4CF8042B9C4527D2D4
:1092F800AA6821FA0AF1103502FA06F421434CF85B
:10930800041B9C45D4D31BE00346F2B933E0B8F103
:10931800010F15DB4C4621684CF8041B9C450FD205
:1093280061684CF8041B9C453EBFA1684CF8041BBF
:109338009C4505D2E16810344CF8041B9C45EAD3DF
:1093480009EB08010EF00302AAB11A440E7803F8DB
:10935800016B93420FD24E7803F8016B93423EBFE4
:109368008E7803F8016B934205D2CE78043103F866
:10937800016B9342EAD3BDE80007F0BDD0B502AF58
:10938800102A35D3434213F0030E00EB0E0C0FD016
:10939800034603F8011B63453FBF03F8011B634500
:1093A80003F8011B634503D203F8011B6345F0D39F
:1093B800A2EB0E0E2EF003020CEB0203012A13DBC4
:1093C800CAB24FF0013462434CF8042B9C450BD2CF
:1093D8004CF8042B9C453CBF4CF8042B9C4503D20D
:1093E8004CF8042B9C45EFD30EF0030212B912E09F
:1093F800034682B11A4403F8011B93420BD203F8C7
:10940800011B93423CBF03F8011B934203D203F8AC
:10941800011B9342EFD3D0BD002A04BF0020704740
:10942800F0B503AF2DE9000BA2F1010EC2F1000C5B
:109438000023CC5CC55CA54224D19E451ED001EB1F
:10944800030800EB030998F8014099F80150A54278
:1094580018D10CEB0306B41C10D098F8024099F808
:109468000250A5420ED1F41C08D098F8034099F890
:109478000350A54206D104339A42DAD10020BDE850
:10948800000BF0BD281BBDE8000BF0BDFFF72EBE9A
:10949800FFF7CDBEFFF7C8BEFFF72ABEFFF7BCBF78
:1094A80070460421084203D1EFF3088000F004B8A5
:0C94B800EFF3098000F000B8FEE7D4D408
:1094D00035000000080000000400000051010000F9
:1094E000370000002F0100003500000004000000DC
:1094F00004000000170000000100000048656C6CCB
:109500006F2066726F6D2074686520555342206C21
:109510006F67676572212054686520636F756E748C
:10952000206973202C002020280000000203020480
:109530000205060C6669726D7761726501000101B2
:10954000010201037372632F6D61696E2E727300E5
:1095500064002020080000006400202008000000B3
:10956000740020200B00000048656C6C6F20667250
:109570006F6D20746865205541525420647269767D
:109580006572212054686520636F756E742069735D
:10959000200D0A009800202029000000C100202092
:1095A000020000002F686F6D652F6C756E612F2EA5
:1095B0007A692F706C7567696E732F727573742D6D
:1095C000746F6F6C636861696E2F7265676973741D
:1095D00072792F7372632F696E6465782E6372617E
:1095E0007465732E696F2D3666313764323262626C
:1095F000613135303031662F696D7872742D757335
:1096000062642D302E322E322F7372632F62757387
:109610002E727300D40020206F000000F3000000C1
:109620001F000000456E64706F696E742073746172
:10963000746520616C726561647920617373696718
:109640006E65642F686F6D652F6C756E612F2E7A55
:10965000692F706C7567696E732F727573742D74D2
:109660006F6F6C636861696E2F726567697374727E
:10967000792F7372632F696E6465782E63726174DB
:1096800065732E696F2D36663137643232626261DE
:109690003135303031662F696D7872742D75736293
:1096A000642D302E322E322F7372632F64726976DE
:1096B00065722E727300000073012020720000009A
:1096C000540000002E0000006661696C656420741F
:1096D0006F20616C6C6F6320636F6E74726F6C20AF
:1096E000656E64706F696E740A0000000A00000005
:1096F0000E00000010000000160000000F00000027
:109700000B0000000C000000456E64706F696E7401
:10971000206D656D6F727920616C7265616479206E
:1097200061737369676E6564696E646578206F75CF
:1097300074206F6620626F756E64733A207468657A
:10974000206C656E2069732001080104050304087C
:109750000409040A040B010D000F020D0306010F9A
:109760000606050F050E060073012020720000009A
:109770005A000000120000002F686F6D652F6C7595
:109780006E612F2E7A692F706C7567696E732F72F8
:109790007573742D746F6F6C636861696E2F726579
:1097A0006769737472792F7372632F696E64657859
:1097B0002E6372617465732E696F2D36663137645E
:1097C00032326262613135303031662F7573622D0D
:1097D0006465766963652D302E322E392F7372637E
:1097E0002F6275732E727300A80220206F00000094
:1097F000DE0000000E000000A80220206F00000024
:10980000B400000024000000A80220206F00000027
:10981000AE00000012000000A80220206F0000002F
:10982000AB00000020000000A80220206F00000014
:10983000C200000024000000E70600000100000054
:1098400001000000EB0600002F686F6D652F6C753E
:109850006E612F2E7A692F706C7567696E732F7227
:109860007573742D746F6F6C636861696E2F7265A8
:109870006769737472792F7372632F696E64657888
:109880002E6372617465732E696F2D36663137648D
:1098900032326262613135303031662F7573622D3C
:1098A0006465766963652D302E322E392F737263AD
:1098B0002F6465766963652E72730000780320203B
:1098C000720000005B0000000E0000007803202002
:1098D00072000000520000000E000000616C6C6F0E
:1098E000635F6570206661696C656400A802202072
:1098F0006F000000040100000E000000A8022020FC
:109900006F000000160100000E000000576F756C1C
:1099100064426C6F636B50617273654572726F72F3
:109920004275666665724F766572666C6F77456ED6
:1099300064706F696E744F766572666C6F77726172
:109940006E676520656E6420696E64657820050C1D
:10995000000E0006010C03010303050D0607456E0A
:1099600064706F696E744D656D6F72794F76657254
:10997000666C6F77496E76616C6964456E64706F72
:10998000696E74556E737570706F72746564496E2C
:1099900076616C696453746174656C6F6767657236
:1099A00020616C726561647920736574696D787289
:1099B000742D6C6F67617373657274696F6E206666
:1099C00061696C65643A202154414B454E2E737792
:1099D000617028747275652C204F72646572696EAF
:1099E000673A3A536571437374292F686F6D652F19
:1099F0006C756E612F2E7A692F706C7567696E7346
:109A00002F727573742D746F6F6C636861696E2F3C
:109A100072656769737472792F7372632F696E64EC
:109A200065782E6372617465732E696F2D366631A9
:109A3000376432326262613135303031662F74659D
:109A4000656E7379342D6273702D302E342E362F5F
:109A50007372632F626F6172642E72731A05202015
:109A600072000000B10000000500000063616C6C32
:109A700065642060526573756C743A3A756E7772DE
:109A80006170282960206F6E20616E2060457272BF
:109A9000602076616C756500E90600000C0000002E
:109AA000040000000D0700002F686F6D652F6C75B6
:109AB0006E612F2E7A692F706C7567696E732F72C5
:109AC0007573742D746F6F6C636861696E2F726546
:109AD0006769737472792F7372632F696E64657826
:109AE0002E6372617465732E696F2D36663137642B
:109AF00032326262613135303031662F7465656EA5
:109B00007379342D6273702D302E342E362F73728C
:109B1000632F6C69622E7273D805202070000000DC
:109B2000D10000001E000000D805202070000000B9
:109B3000D60000001E0000003C0420204604202027
:109B4000500420205E0420208E042020A404202025
:109B5000B3042020BE0420200106010A000C010BE2
:109B6000000D0106010A000C010B000D010D000F94
:109B7000020D030606000503050F0203020501029C
:109B800001030303010C000E00060607050C040880
:109B90000409040A040B0501030007060108010477
:109BA0000606556E6B6E6F776E2073746174652058
:109BB0006265666F72652073757370656E642F6879
:109BC0006F6D652F6C756E612F2E7A692F706C75B5
:109BD00067696E732F727573742D746F6F6C636821
:109BE00061696E2F72656769737472792F7372631E
:109BF0002F696E6465782E6372617465732E696F68
:109C00002D3666313764323262626131353030313F
:109C1000662F7573622D6465766963652D302E320B
:109C20002E392F7372632F6465766963652E7273A4
:109C3000EE06202072000000B00000001A000000B4
:109C40002F686F6D652F6C756E612F2E7A692F707E
:109C50006C7567696E732F727573742D746F6F6C8A
:109C6000636861696E2F72656769737472792F73A7
:109C700072632F696E6465782E6372617465732EEA
:109C8000696F2D3666313764323262626131353048
:109C90003031662F7573622D6465766963652D308A
:109CA0002E322E392F7372632F646573637269705D
:109CB000746F722E7273000070072020760000000F
:109CC0005D000000250000007007202076000000E5
:109CD00065000000090000007007202076000000E9
:109CE00066000000090000007007202076000000D8
:109CF0003B0100001B000000557362427573206930
:109D00006E697469616C697A6174696F6E206E6FD7
:109D10007420636F6D706C6574652F686F6D652F4F
:109D20006C756E612F2E7A692F706C7567696E7312
:109D30002F727573742D746F6F6C636861696E2F09
:109D400072656769737472792F7372632F696E64B9
:109D500065782E6372617465732E696F2D36663176
:109D6000376432326262613135303031662F75735B
:109D7000622D6465766963652D302E322E392F731E
:109D800072632F656E64706F696E742E727300005B
:109D90004A08202074000000510000000D0000005F
:109DA0002F686F6D652F6C756E612F2E7A692F701D
:109DB0006C7567696E732F727573742D746F6F6C29
:109DC000636861696E2F72656769737472792F7346
:109DD00072632F696E6465782E6372617465732E89
:109DE000696F2D36663137643232626261313530E7
:109DF0003031662F7573622D6465766963652D3029
:109E00002E322E392F7372632F636F6E74726F6CE4
:109E10005F706970652E7273D00820207800000092
:109E20003E000000120000000010010200000000CF
:109E3000B91D000030000000040000008B1F00006E
:109E4000A31D00009D1D000087200000A71D00002D
:109E5000751E0000BB1D0000A11D0000A11D00001B
:109E6000A11D00002F686F6D652F6C756E612F2E20
:109E70007A692F706C7567696E732F727573742DA4
:109E8000746F6F6C636861696E2F72656769737454
:109E900072792F7372632F696E6465782E637261B5
:109EA0007465732E696F2D366631376432326262A3
:109EB000613135303031662F696D7872742D75736C
:109EC00062642D302E322E322F7372632F627573BF
:109ED0002E727300940920206F000000F300000030
:109EE0001F000000D1260000040000000400000054
:109EF0005F280000F7250000C32600005B205D3AC4
:109F0000200D0A002C0A2020010000002D0A20202C
:109F1000010000002E0A202003000000310A20204A
:109F2000020000002F686F6D652F6C756E612F2E1B
:109F30007A692F706C7567696E732F727573742DE3
:109F4000746F6F6C636861696E2F72656769737493
:109F500072792F7372632F696E6465782E637261F4
:109F60007465732E696F2D366631376432326262E2
:109F7000613135303031662F696D7872742D6C6FB8
:109F8000672D302E312E312F7372632F6C6F672F38
:109F900066726F6E74656E642E727300540A2020B0
:109FA000770000003200000021000000D1260000F0
:109FB0001000000004000000D32600006727000006
:109FC0005D2800002F686F6D652F6C756E612F2EF8
:109FD0007A692F706C7567696E732F727573742D43
:109FE000746F6F6C636861696E2F726567697374F3
:109FF00072792F7372632F696E6465782E63726154
:10A000007465732E696F2D36663137643232626241
:10A01000613135303031662F7573622D6465766934
:10A0200063652D302E322E392F7372632F636F6E5E
:10A0300074726F6C5F706970652E7273F40A202001
:10A04000780000008500000041000000F40A202094
:10A05000780000004F00000031000000F40A2020CA
:10A0600078000000CF00000033000000AD31000098
:10A070000000000001000000CB310000CF310000E3
:10A08000D13100004F46464552524F520000000069
:10A09000494E464F5741524E44454255475452410E
:10A0A00043450000B40B202003000000B70B202024
:10A0B00005000000C40B202004000000C00B20207D
:10A0C00004000000C80B202005000000CD0B20205C
:10A0D000050000006B65792D76616C7565207375E0
:10A0E00070706F7274206973206578706572696D25
:10A0F000656E74616C20616E64206D75737420628E
:10A100006520656E61626C6564207573696E672099
:10A1100074686520606B765F756E737461626C65E0
:10A120006020666561747572652F686F6D652F6C50
:10A13000756E612F2E7A692F706C7567696E732F3B
:10A14000727573742D746F6F6C636861696E2F72B2
:10A15000656769737472792F7372632F696E6465B2
:10A16000782E6372617465732E696F2D3666313790
:10A170006432326262613135303031662F6C6F6724
:10A180002D302E342E32302F7372632F5F5F70723A
:10A1900069766174655F6170692E7273590C202055
:10A1A0007300000011000000090000000000000022
:10A1B000617474656D707420746F2064697669646D
:10A1C00065206279207A65726F2F686F6D652F6CDC
:10A1D000756E612F2E7A692F706C7567696E732F9B
:10A1E000727573742D746F6F6C636861696E2F7212
:10A1F000656769737472792F7372632F696E646512
:10A20000782E6372617465732E696F2D36663137EF
:10A210006432326262613135303031662F696D7877
:10A2200072742D68616C2D302E352E342F7372634D
:10A230002F636869702F696D787274313078782F68
:10A2400074656D706D6F6E2E72730000F90C2020B6
:10A250008100000092000000160000002F686F6D62
:10A26000652F6C756E612F2E7A692F706C7567691A
:10A270006E732F727573742D746F6F6C6368616980
:10A280006E2F72656769737472792F7372632F69A9
:10A290006E6465782E6372617465732E696F2D36F6
:10A2A0006631376432326262613135303031662F67
:10A2B000696D7872742D68616C2D302E352E342FB7
:10A2C0007372632F636F6D6D6F6E2F6C707561723B
:10A2D000742E7273000000000000000000000000F7
:10A2E000617474656D707420746F2064697669643C
:10A2F00065206279207A65726F0000008C0D202045
:10A30000780000003A020000190000002F686F6D0D
:10A31000652F6C756E612F2E7A692F706C75676969
:10A320006E732F727573742D746F6F6C63686169CF
:10A330006E2F72656769737472792F7372632F69F8
:10A340006E6465782E6372617465732E696F2D3645
:10A350006631376432326262613135303031662FB6
:10A36000696D7872742D757362642D302E322E32C1
:10A370002F7372632F73746174652E727300000003
:10A380003C0E202071000000BB0000001D000000FA
:10A390003C0E202071000000CD00000021000000D4
:10A3A0003C0E202071000000070100002100000089
:10A3B0003C0E2020710000000E0100002100000072
:10A3C00063616C6C656420604F7074696F6E3A3ABB
:10A3D000756E77726170282960206F6E2061206031
:10A3E0004E6F6E65602076616C75652F686F6D6568
:10A3F0002F6C756E612F2E7A692F706C7567696E80
:10A40000732F727573742D746F6F6C636861696EEE
:10A410002F72656769737472792F7372632F696E17
:10A420006465782E6372617465732E696F2D36666C
:10A4300031376432326262613135303031662F69D2
:10A440006D7872742D757362642D302E322E322F1A
:10A450007372632F6472697665722E7273000000E6
:10A460001B0F202072000000CC00000047000000FD
:10A470001B0F202072000000F400000045000000C7
:10A480001B0F2020720000000201000047000000A6
:10A490001B0F202072000000120100003700000096
:10A4A0001B0F2020720000002B010000370000006D
:10A4B0001B0F202072000000400100003700000048
:10A4C0001B0F202072000000520100000E0000004F
:10A4D0001B0F202072000000680100000E00000029
:10A4E000696E7465726E616C206572726F723A206B
:10A4F000656E746572656420756E7265616368610E
:10A50000626C6520636F64653A20454E4450544345
:10A5100054524C2072656769737465722020646FB1
:10A5200065736E277420657869737400101020209D
:10A530003D0000004D1020200E0000002F686F6DC0
:10A54000652F6C756E612F2E7A692F706C75676937
:10A550006E732F727573742D746F6F6C636861699D
:10A560006E2F72656769737472792F7372632F69C6
:10A570006E6465782E6372617465732E696F2D3613
:10A580006631376432326262613135303031662F84
:10A59000696D7872742D757362642D302E322E328F
:10A5A0002F7372632F72616C2E7273006C102020F7
:10A5B0006F00000025000000160000002F686F6D7E
:10A5C000652F6C756E612F2E7A692F706C756769B7
:10A5D0006E732F727573742D746F6F6C636861691D
:10A5E0006E2F72656769737472792F7372632F6946
:10A5F0006E6465782E6372617465732E696F2D3693
:10A600006631376432326262613135303031662F03
:10A61000696D7872742D757362642D302E322E320E
:10A620002F7372632F6275732E727300EC102020EB
:10A630006F000000E50000001B000000EC1020206F
:10A640006F000000F30000001F0000002F686F6D16
:10A65000652F6C756E612F2E7A692F706C75676926
:10A660006E732F727573742D746F6F6C636861698C
:10A670006E2F72656769737472792F7372632F69B5
:10A680006E6465782E6372617465732E696F2D3602
:10A690006631376432326262613135303031662F73
:10A6A0007573622D6465766963652D302E322E399F
:10A6B0002F7372632F64657363726970746F722E87
:10A6C000727300007C112020760000005D00000005
:10A6D000250000007C1120207600000065000000AD
:10A6E000090000007C1120207600000066000000B8
:10A6F000090000007C11202076000000A30000006B
:10A70000110000007C1120207600000004010000F0
:10A710001F0000007C11202076000000580100007E
:10A72000090000007C112020760000005901000083
:10A73000090000007C11202076000000620100006A
:10A74000150000007C11202076000000930100001D
:10A750001B0000007C112020760000009E010000FC
:10A76000090000007C112020760000009F010000FD
:10A77000090000007C11202076000000A0010000EC
:10A78000090000007C11202076000000A3010000D9
:10A79000180000007C11202076000000AC010000B1
:10A7A000180000002F686F6D652F6C756E612F2E7D
:10A7B0007A692F706C7567696E732F727573742D5B
:10A7C000746F6F6C636861696E2F7265676973740B
:10A7D00072792F7372632F696E6465782E6372616C
:10A7E0007465732E696F2D3666313764323262625A
:10A7F000613135303031662F696D7872742D646D3A
:10A80000612D302E312E312F7372632F6368616E8C
:10A810006E656C2E72730000D4122020720000004E
:10A82000670000000A000000426F72726F77457285
:10A83000726F72426F72726F774D75744572726F7C
:10A8400072616C726561647920626F72726F776594
:10A85000643A20007113202012000000616C7265C0
:10A86000616479206D757461626C7920626F7272B7
:10A870006F7765643A2000008C1320201A000000D6
:10A880005813202000000000A95E00000000000016
:10A8900001000000AB5E00002062757420746865E2
:10A8A00020696E64657820697320000058022020BA
:10A8B00020000000C8132020120000003A200000F1
:10A8C0005813202000000000EC132020020000009C
:10A8D000303030313032303330343035303630375C
:10A8E0003038303931303131313231333134313542
:10A8F0003136313731383139323032313232323328
:10A90000323432353236323732383239333033310D
:10A9100033323333333433353336333733383339F3
:10A9200034303431343234333434343534363437EB
:10A9300034383439353035313532353335343535D1
:10A9400035363537353835393630363136323633B7
:10A95000363436353636363736383639373037319D
:10A960003732373337343735373637373738373983
:10A97000383038313832383338343835383638377B
:10A980003838383939303931393239333934393561
:10A99000393639373938393972616E6765207374E1
:10A9A00061727420696E64657820206F7574206F01
:10A9B000662072616E676520666F7220736C6963D2
:10A9C00065206F66206C656E67746820C81420204F
:10A9D00012000000DA142020220000006E04202063
:10A9E00010000000DA14202022000000736C69635C
:10A9F0006520696E64657820737461727473206178
:10AA000074202062757420656E6473206174200068
:10AA10001C15202016000000321520200D0000001B
:10AA2000050000003C042020000000009C0B2020BA
:10AA30009C0B20200000000000000000000000002F
:10AA40000000000000000000000000000000000006
:10AA500000000000000000000000000000000000F6
:10AA600000000000000000000000000000000000E6
:10AA700000000000000000000000000000000000D6
:10AA800000000000000000000000000000000000C6
:10AA900000000000000000000000000000000000B6
:10AAA00000000000000000000000000000000000A6
:10AAB0000000000000000000000000000000000096
:10AAC0000000000000000000000000000000000086
:10AAD0000000000000000000000000000000000076
:10AAE0000000000000000000000000000000000066
:10AAF0000000000000000000000000000000000056
:10AB00000000000000000000000000000000000045
:10AB10000000000000000000000000000000000035
:10AB20000000000000000000000000000000000025
:10AB30000000000000000000000000000000000015
:10AB40000000000000000000000000000000000005
:10AB500000000000000000000000000000000000F5
:10AB600000000000000000000000000000000000E5
:10AB700000000000000000000000000000000000D5
:10AB800000000000000000000000000000000000C5
:10AB900000000000000000000000000000000000B5
:10ABA00000000000000000000000000000000000A5
:0CABB0000000000000800E4000C00E40BD
:040000056000103156
:00000001FF
